question,answer,explaination,ground truth
when was the last time anyone was on the moon,"December 14, 1972 (Apollo 17).",Apollo 17 was the last crewed lunar mission; Eugene Cernan and Harrison Schmitt ended the final moonwalk and left the Moon on that date.,"['14 December 1972 UTC', 'December 1972']"
who wrote he ain't heavy he's my brother lyrics,Bobby Scott and Bob Russell,They are the credited co-writers of the song’s lyrics.,"['Bobby Scott', 'Bob Russell']"
how many seasons of the bastard executioner are there,1,The FX series aired in 2015 and was canceled after its first season.,"['one', 'one season']"
when did the eagles win last super bowl,"February 4, 2018.","Their most recent Super Bowl win was Super Bowl LII, when the Philadelphia Eagles beat the New England Patriots.",['2017']
who won last year's ncaa women's basketball,South Carolina Gamecocks,"Based on the most recent season in my data (2023-24), South Carolina won the NCAA women's basketball championship in April 2024. If you meant 2025, please specify the year.",['South Carolina']
when did the isle of wight become an island,"About 7,000 years ago, when post‑Ice Age sea levels flooded the Solent.","Geological studies indicate the Solent is a drowned river valley that was inundated during early Holocene sea‑level rise, isolating the Isle of Wight roughly 7 millennia ago.",['During the last Ice Age']
love yourself by justin bieber is about who,"Selena Gomez (widely believed, never officially confirmed).","Fans and media commonly interpret the lyrics as referencing Bieber’s ex Selena Gomez, though neither he nor the writers have confirmed the subject.",['Rihanna']
who was the ruler of england in 1616,King James I,"James I reigned over England from 1603 to 1625, which includes 1616.",['James I']
what is the hot coffee mod in san andreas,"An unofficial mod for GTA: San Andreas that unlocks a hidden, disabled ""Hot Coffee"" minigame, allowing interactive sexual content with CJ’s girlfriends and triggering major controversy and ratings changes.",Derived from well-documented gaming history and Rockstar’s acknowledgment that the content existed but was disabled; the mod re-enabled it.,['a normally inaccessible mini-game']
what is the maximum data rate for the 802.11a standard select one,54 Mbps,IEEE 802.11a defines a maximum PHY data rate of 54 Mbit/s using OFDM in the 5 GHz band.,['54\xa0Mbit/s']
which state is located in the centre of india,Madhya Pradesh,It contains India’s geographic center and is widely known as the Heart of India.,"['Chhattisgarh', 'Madhya Pradesh']"
who sang i ran all the way home,The Impalas,"The 1959 doo-wop hit is titled ""Sorry (I Ran All the Way Home),"" recorded by The Impalas.",['The Impalas']
where did the last name wallace come from,"A Scottish surname from Anglo-Norman French ""Waleis/Walensis"" meaning ""Welshman,"" originally denoting someone of Welsh or Brittonic (Strathclyde) origin; later popularized by William Wallace.","Derived from standard surname etymologies and medieval records where ""le Waleis"" meant ""the Welshman""; in Scotland it marked people of Welsh/Brythonic stock (e.g., Strathclyde), which became the hereditary surname Wallace.",['a Scottish surname']
who was the actor that played ben stone on law and order,Michael Moriarty,"Ben Stone, the Executive ADA on Law & Order (seasons 1–4), was portrayed by Michael Moriarty.",['Michael Moriarty']
who does the voice of nala in the lion king,Moira Kelly (1994 original); Beyoncé Knowles-Carter (2019 remake).,Adult Nala is voiced by Moira Kelly in the 1994 animated film and by Beyoncé Knowles-Carter in the 2019 remake; young and singing parts were performed by other actors.,"['Niketa Calame', 'Sally Dworsky', 'Moira Kelly', 'Laura Williams']"
who plays gram on the young and the restless,Max Shippee,"“Gram” likely refers to Graham Bloodworth on The Young and the Restless, who is portrayed by Max Shippee.",['Max Shippee']
what is the oath that new citizens take,"I hereby declare, on oath, that I absolutely and entirely renounce and abjure all allegiance and fidelity to any foreign prince, potentate, state, or sovereignty, of whom or which I have heretofore been a subject or citizen; that I will support and defend the Constitution and laws of the United States of America against all enemies, foreign and domestic; that I will bear true faith and allegiance to the same; that I will bear arms on behalf of the United States when required by the law; that I will perform noncombatant service in the Armed Forces of the United States when required by the law; that I will perform work of national importance under civilian direction when required by the law; and that I take this obligation freely without any mental reservation or purpose of evasion; so help me God.",This is the official U.S. naturalization Oath of Allegiance as provided by USCIS; the final phrase is optional and wording may be modified for conscientious objectors.,['United States Oath of Allegiance']
who is under the mask of darth vader,Anakin Skywalker,"In Star Wars canon, Darth Vader is Anakin Skywalker; his unmasking in Return of the Jedi confirms this.",['Anakin Skywalker']
who had a baby at 100 in the bible,Abraham,Genesis 21:5 states Abraham was 100 years old when his son Isaac was born (Sarah was 90).,"['Sarah', 'Abraham']"
what age do you need to be to buy a bb gun,18+ in most places; laws vary by state/country and retailer—verify locally.,Age limits for BB gun purchases are set by local law and store policy; many require buyers to be at least 18.,['18']
ethiopia flight 961 crashes in to the sea,"On 23 Nov 1996, hijacked Ethiopian Airlines Flight 961 ditched in the Indian Ocean near the Comoros; 125 died, 50 survived.",This refers to the documented hijacking and fuel-starvation ditching of Flight 961 off Grande Comore.,['23 November 1996']
where was percy jackson and the olympians filmed,"Vancouver, British Columbia, Canada (primarily at Mammoth Studios in Burnaby and nearby locations).","The title refers to the 2023 Disney+ series, which was produced in the Vancouver area with stages at Mammoth Studios and local location shoots.","['Vancouver', 'Mission, British Columbia']"
how many seasons of vampire diaries r there,8,The Vampire Diaries aired on The CW for eight seasons from 2009 to 2017 before concluding.,"['eight', '8']"
how many episodes are there in dragon ball z,291,"The original Dragon Ball Z TV series ran for 291 episodes (1989–1996), excluding recuts like Dragon Ball Z Kai and movies.","['291 episodes', '291']"
who plays auggie in the movie the wonder,Jacob Tremblay,"Auggie Pullman is portrayed by Jacob Tremblay in the 2017 film ""Wonder.""",['Jacob Tremblay']
when was the first australian prime minister elected,1 January 1901,"Australia’s first PM, Edmund Barton, was not directly elected; he was appointed and sworn in on 1 January 1901. The first federal election occurred on 29–30 March 1901.","['Sir Edmund Barton', '1901']"
who plays matthew on anne with an e,R. H. Thomson,"Matthew Cuthbert is portrayed by Canadian actor R. H. Thomson in the TV series ""Anne with an E.""",['R. H. Thomson']
who is the girl in green day 21 guns,Lisa Stelly.,She is the female lead in Green Day’s 2009 “21 Guns” music video directed by Marc Webb.,['Lisa Stelly']
who plays joker in batman the dark knight,Heath Ledger,He is credited as the Joker in the 2008 film The Dark Knight.,['Ledger']
when was the south asian association for regional co-operation (saarc) formed,8 December 1985,SAARC was established with the signing of its Charter in Dhaka on 8 December 1985.,"['December 1985', '8 December 1985']"
when was the first hunger games book published,"September 14, 2008","The U.S. publication date for Suzanne Collins's The Hunger Games, per publisher and bibliographic records.","['September 14, 2008', '2008']"
who did bette midler portray in the rose,"Mary Rose Foster (""The Rose"").","In the 1979 film The Rose, Bette Midler plays the lead character, Mary Rose Foster—nicknamed ""The Rose""—loosely inspired by Janis Joplin.",['Mary Rose Foster']
who is the lead singer of depeche mode,Dave Gahan,"Depeche Mode's long-time frontman and vocalist is Dave Gahan, as documented by official band sources and music references.",['David Gahan']
where did the butchers in the slaughterhouse cases live,"New Orleans, Louisiana.",They were New Orleans butchers who challenged a Louisiana law centralizing slaughtering there in the Slaughter-House Cases (1873).,['New Orleans']
who developed the concept of total quality management,W. Edwards Deming,"He is widely credited as the pioneer of TQM; his quality philosophy underpins the approach, though Juran and Feigenbaum also contributed.",['W. Edwards Deming']
who wrote cant get you out of my head lyrics,Cathy Dennis and Rob Davis.,"The 2001 Kylie Minogue hit ""Can't Get You Out of My Head"" was written by songwriters Cathy Dennis and Rob Davis.","['Cathy Dennis and Rob Davis', 'Rob Davis', 'Cathy Dennis']"
where does no game no life anime end,"At the end of light novel volume 3 (episode 12), after the Eastern Federation/warbeast arc; continue from volume 4.",The 2014 anime adapts volumes 1–3 of the light novel (with the film covering volume 6). The TV series ends at the close of volume 3.,"['the Elkia Federation', 'the sixth volume']"
when did taylor swift's first album release,"October 24, 2006","Her self-titled debut album, ""Taylor Swift,"" was officially released on October 24, 2006 by Big Machine Records, as documented in artist discographies and label records.","['October 24, 2006', '2005']"
what are the three fifty shades of grey books,"Fifty Shades of Grey, Fifty Shades Darker, and Fifty Shades Freed.",These are the three novels in E. L. James's original Fifty Shades trilogy.,"['Fifty Shades of Grey', 'Fifty Shades Darker', 'Fifty Shades Freed']"
who has the power (judicial) to make decisions in courts of law,Judges.,Judicial power is vested in the judiciary—the courts—and exercised by judges.,['judges']
what are the ranks in the us navy,"Enlisted (E-1 to E-9): Seaman Recruit, Seaman Apprentice, Seaman, Petty Officer Third Class, Petty Officer Second Class, Petty Officer First Class, Chief Petty Officer, Senior Chief Petty Officer, Master Chief Petty Officer (incl. Command/Fleet/Force Master Chief and the Master Chief Petty Officer of the Navy). Warrant (W-1 to W-5): Warrant Officer 1; Chief Warrant Officer 2, 3, 4, 5. Commissioned (O-1 to O-10): Ensign; Lieutenant (Junior Grade); Lieutenant; Lieutenant Commander; Commander; Captain; Rear Admiral (Lower Half); Rear Admiral (Upper Half); Vice Admiral; Admiral. Wartime only: Fleet Admiral (five-star).","Compiled from the official U.S. Navy rank/paygrade structure (E, W, O) as published by the Navy/DoD, including the wartime five-star Fleet Admiral.","['E-8s senior chief petty officer', 'E-9s master chief petty officer']"
i was a great islamic scholar and mathematician who died in 1131 ce,Omar Khayyam,"Omar Khayyam, a Persian Islamic mathematician, astronomer, and scholar, died in 1131 CE.",['Omar Khayyam']
who is the coach for the ottawa senators,Travis Green,He was hired as Ottawa’s head coach in May 2024.,['Guy Boucher']
last episode of what happens to my family,"Episode 53 (aired February 15, 2015).","The Korean drama ""What Happens to My Family?"" was extended and concluded with episode 53, broadcast on 2015-02-15.",['53']
when is the last time the vikings were in the nfc championship,"January 21, 2018 (2017 season), vs. the Eagles.","They last reached the NFC Championship in the 2017 season, losing 38-7 to Philadelphia on Jan. 21, 2018, per NFL records.","['1976', '2017/18']"
what are the colors of the netherlands flag,"Red, white, and blue.","From the official Netherlands flag design: a horizontal tricolor of red, white, and blue.","['blue', 'white', 'red']"
where is lord's prayer found in bible,Matthew 6:9–13 and Luke 11:2–4.,"These are the two Gospel passages where Jesus teaches the Lord’s Prayer (fuller in Matthew, shorter in Luke).",['in the Gospel of Luke']
when was the last time oklahoma won a national championship in football,2000,"Oklahoma last won the national title for the 2000 season, defeating Florida State 13-2 in the BCS Championship (Orange Bowl) on January 3, 2001.","['2003', '2000']"
location of the ten commandments in the bible,Exodus 20:1-17 and Deuteronomy 5:6-21.,They are recorded twice: first at Sinai in Exodus 20 and then restated by Moses in Deuteronomy 5.,"['Exodus', 'Deuteronomy']"
where did the allies go after north africa,"Sicily, then mainland Italy.","After the Axis surrender in North Africa (May 1943), the Allies invaded Sicily in July 1943 (Operation Husky) and then landed in mainland Italy in September 1943.","['Italy', 'the Italian Campaign']"
what is the meaning of veronica in english,"Bearer of victory; also interpreted as ""true image.""","From Greek ""Berenice"" (bearer of victory) via Latin ""Veronica""; later linked by folk etymology to Latin ""vera icon"" (true image).",['she who brings victory']
what is the name of the main artery which takes blood from the heart to the body,Aorta,It is the main systemic artery carrying oxygenated blood from the left ventricle to the body.,"['The aorta', 'aorta']"
who played solomon in little house on the prairie,Todd Bridges,"From the show's guest cast listings: Todd Bridges portrayed Solomon Henry in the 1977 episode ""The Wisdom of Solomon.""",['Todd Bridges']
who does eric end up with in that 70s show,Donna Pinciotti,"In the series finale, Eric returns and reconciles with Donna; they kiss at midnight, indicating they get back together.",['Donna']
an object that moves around an external axis is said to be,revolving,Revolving means moving around an external axis; rotating refers to spinning about an internal axis.,"['revolution or orbital revolution', 'orbit']"
architectural elements forming rib vaults eg wells cathedral,"Diagonal, transverse, and ridge ribs with thin webbing; ribs spring from clustered shafts/compound piers and meet in bosses.","Gothic rib vaults (e.g., at Wells) are formed by a skeletal framework of diagonal, transverse, and ridge ribs that carry the load, with webbing infill; the ribs rise from clustered supports and intersect at bosses.","['an armature of piped masonry', 'barrel vaults', 'two to three barrel vaults']"
who sang the song good morning good morning,The Beatles,"It refers to the 1967 Beatles track ""Good Morning Good Morning"" from Sgt. Pepper's, with John Lennon on lead vocal.","['Gene Kelly', ""Donald O'Connor"", 'Judy Garland', 'Debbie Reynolds', 'Mickey Rooney']"
who wrote papa got a brand new bag,James Brown,"The 1965 song ""Papa's Got a Brand New Bag"" is credited solely to James Brown as its writer.",['James Brown']
where does a roadrunner live in the desert,On the ground in open desert scrub—among cacti and low shrubs—in the southwestern U.S. and northern Mexico.,"Roadrunners inhabit arid scrub and chaparral, often nesting in low shrubs or cacti across the deserts of the SW U.S. and northern Mexico.","['mountainous shrubland', 'arid lowland']"
who wrote it's a long long way to pasadena,"Grant Clarke, Edgar Leslie, and Harry Warren.","The phrase is from the 1923 song ""Home in Pasadena,"" written by lyricists Grant Clarke and Edgar Leslie with music by Harry Warren.","['John Young', 'Harry Vanda', 'David Hemmings', 'George Young']"
what's the dog's name on tom and jerry,Spike,"The bulldog character in Tom and Jerry is named Spike, often seen with his pup Tyke.",['Spike']
who are nominated for president of india 2017,Ram Nath Kovind and Meira Kumar.,"For the 2017 Indian presidential election, the NDA nominated Ram Nath Kovind and the UPA-led opposition nominated Meira Kumar as the principal candidates.","['Meira Kumar', 'Ram Nath Kovind']"
where does the path train stop in newark,Newark Penn Station,PATH’s Newark–World Trade Center line terminates at Newark Penn Station; it’s the only PATH stop within Newark.,['Newark Penn Station']
where does route 66 start on the west coast,"Santa Monica, California, near the Santa Monica Pier (historic terminus at Lincoln Blvd & Olympic Blvd).","Historically, Route 66’s western end was set in Santa Monica in 1936 at Lincoln & Olympic; today it’s popularly identified at the Santa Monica Pier.",['in Santa Monica']
who is the first wife on sister wives,Meri Brown,She is introduced as Kody Brown’s first (legal) wife on Sister Wives.,['Meri']
when did houston go to the american league,2013,The Houston Astros moved from the National League to the American League (AL West) as part of MLB realignment starting with the 2013 season.,['2013']
when did they stop cigarette advertising on television,"January 2, 1971 (U.S.).","The U.S. Public Health Cigarette Smoking Act took effect then, banning cigarette ads on TV and radio.","['January 2, 1971', '1970']"
coldplay song i will try to fix you,Fix You,The phrase is a key lyric from Coldplay's song Fix You.,"['""Fix You""']"
points on a sphere or angles in a circle are measured in units called,degrees,Both spherical coordinates (latitude/longitude) and planar angles are measured in degrees.,['radians']
the oligodynamic effect is a phenomenon that describes,"The antimicrobial action of minute amounts of certain heavy metals (e.g., silver, copper) against microorganisms.","From microbiology knowledge: trace metals disrupt microbial enzymes and membranes, inhibiting or killing microbes even at very low concentrations.",['a biocidal effect of metals']
where does the white witch live in narnia,In her castle in the far north of Narnia.,The books state that the White Witch (Jadis) resides in a castle located in Narnia's northern region.,['her castle']
how many games in a row have the uconn women's basketball team won,111,UConn women hold the NCAA record with 111 consecutive wins from 2014 to 2017.,"['111 straight wins', '111', '90']"
is there a name for the at symbol,"Yes—it's called the at sign (also ""commercial at"").",In English it’s called the at sign; Unicode designates it COMMERCIAL AT (U+0040).,"['commercial at', 'at symbol', 'at sign']"
who sings the theme song for the tv show cops,Inner Circle,"The COPS theme is the reggae song ""Bad Boys,"" performed by Inner Circle.","['Inner Circle', 'Jamaican reggae band Inner Circle']"
when was corporal punishment banned in south africa,Schools: 1996 (in force 1997); judicial: 1995 (fully abolished by 1997 Act); home: 2019.,"Different bans applied at different times: the South African Schools Act 84 of 1996 prohibited it in schools (operative 1997); S v Williams (1995) and the Abolition of Corporal Punishment Act, 1997 ended judicial corporal punishment; Freedom of Religion SA v Minister of Justice (2019) outlawed corporal punishment in the home.",['1997']
who plays captain phasma in star wars the force awakens,Gwendoline Christie,She is credited as Captain Phasma in Star Wars: The Force Awakens (2015).,['Gwendoline Christie']
who sings she's like the wind lyrics,Patrick Swayze (featuring Wendy Fraser).,The 1987 song from the Dirty Dancing soundtrack is performed by Patrick Swayze with vocals by Wendy Fraser.,"['Wendy Fraser', 'Patrick Swayze']"
when did marathon change its name to snickers,1990,"In the UK and Ireland, the Marathon bar was rebranded to Snickers in 1990 as part of global brand alignment.",['19 July 1990']
who captained the first european ship to sail around the tip of africa,Bartolomeu Dias,"He led the 1488 Portuguese voyage that first rounded the Cape of Good Hope, the southern tip of Africa.",['Bartolomeu Dias']
who ordered the forbidden city to be built,The Yongle Emperor of the Ming dynasty.,The Ming emperor Yongle (Zhu Di) commissioned its construction (1406–1420) after moving the capital to Beijing.,['Zhu Di']
who sang let me tell you about the birds and the bees,Jewel Akens,"The lyric is from Jewel Akens’ 1964 hit ""The Birds and the Bees.""",['Jewel Akens']
who has the power to approve or veto legislation constitution,The U.S. President.,"Article I, Section 7 of the U.S. Constitution empowers the President to sign (approve) or veto bills.",['the President']
how many seasons of the rugrats are there,9,"The original Nickelodeon Rugrats series (1991–2004) ran for 9 seasons, excluding the 2021 reboot.","['9 seasons', '9']"
who is the minister of local government in zimbabwe,Winston Chitando,"He was appointed in September 2023 as Minister of Local Government and Public Works by President Emmerson Mnangagwa, and 2024 government and media reports list him in this role.",['Hon July Moyo']
what was the initial effect of the transition from command to market economies in eastern europe,"A sharp economic downturn—output fell, prices spiked, and unemployment rose, reducing living standards.","Rapid liberalization and privatization (“shock therapy”) initially caused recession, high inflation, and job losses across Eastern Europe before later stabilization.",['Inequality of opportunity']
when did toyota start making cars in the us,1986,"Toyota began U.S. car production in 1986 at the NUMMI joint venture in Fremont, California; its first wholly owned U.S. plant followed in 1988 in Georgetown, Kentucky.","['by the early 1980s', '1984']"
how many pieces in a terry's chocolate orange,20,A standard Terry's Chocolate Orange is segmented into 20 slices.,"['six', '20']"
who plays the saint of killers on preacher,Graham McTavish,He portrays the Saint of Killers in AMC's Preacher (2016–2019).,['Graham McTavish']
when did the royal proclamation of 1763 end,1783.,"In the U.S., it effectively ended with the Treaty of Paris (1783); in Canada, key provisions still apply.","['the American Revolutionary War', 'with the American Revolutionary War', '1783']"
who is playing the halftime show at super bowl 2016,Coldplay (with Beyoncé and Bruno Mars).,"Super Bowl 50 in 2016 featured Coldplay as the halftime headliner, with guest performances by Beyoncé and Bruno Mars, as reported in official announcements and event coverage.","['Beyoncé', 'Coldplay', 'Bruno Mars']"
jonny cash one piece at a time car,"A custom Cadillac built from parts of many different model years (the ""Psycho-Billy Cadillac"").","In Johnny Cash’s 1976 song ""One Piece at a Time,"" the narrator steals Cadillac parts over years and assembles a single mismatched car spanning multiple model years.",['Cadillac']
what is the minimum wage in france per hour,"€11.65/hour (gross, SMIC) as of Jan 1, 2024.","This is France's official SMIC rate set on Jan 1, 2024, the latest available before my Oct 2024 knowledge cutoff.","['11.16', '€9.88 per hour.']"
describe the three phases of the normal blood clotting process,Vasoconstriction (vascular spasm); platelet plug formation (primary hemostasis); coagulation with fibrin stabilization of the plug (secondary hemostasis).,"These are the standard stages of hemostasis: vessels constrict to limit bleeding; platelets adhere and aggregate to form a temporary plug; the coagulation cascade produces thrombin, converting fibrinogen to fibrin to reinforce and stabilize the plug.","['blood coagulation', 'vasoconstriction,']"
when did amnesia the dark descent come out,"September 8, 2010","This is the widely documented worldwide digital release date by Frictional Games, as noted on official sources and databases.",['8 September 2010']
what is the oldest street in the philippines,"Colon Street, Cebu City.","Widely recognized as the country’s oldest street, laid out by the Spanish under Miguel López de Legazpi in 1565.","['Cebu City', 'Colon Street']"
where is the tibia and fibula bone located,In the lower leg between the knee and ankle; the tibia is the larger medial shinbone and the fibula is the thinner lateral bone.,From standard human anatomy: the tibia and fibula are the two parallel bones of the leg below the knee.,['leg']
who played bat masterson in the tv series,Gene Barry,He starred as Bat Masterson in the 1958–1961 TV series of the same name.,['Gene Barry']
who sings sugar sugar you are my candy girl,The Archies,"The lyric is from the 1969 hit ""Sugar, Sugar,"" recorded by the fictional band The Archies (lead vocals by Ron Dante).",['the Archies']
types of skiing in the winter olympics 2018,Alpine skiing; Cross-country skiing; Freestyle skiing; Nordic combined; Ski jumping.,These are the five IOC skiing disciplines on the PyeongChang 2018 program; biathlon is a separate sport.,"['Slalom', 'Downhill', 'Super-G', 'Giant slalom', 'Slalom – (SC)']"
who plays noah newman on the young and the restless,Rory Gibson,Current cast listings and recent episodes credit Rory Gibson as Noah Newman on The Young and the Restless.,['Robert Gillespie Adamson IV']
who has won the most games in nfl 2017,"Philadelphia Eagles, New England Patriots, Pittsburgh Steelers, and Minnesota Vikings (tied with 13 regular-season wins).","In the 2017 NFL regular season, four teams finished 13–3, the most wins that year.",['Dallas Cowboys']
under article 1 what is the minimum age required to serve in the house of representatives,25 years old,"Article I, Section 2 of the U.S. Constitution sets the minimum age for Representatives at 25.","['25', '25 years old']"
who has the most catches in nfl history,"Jerry Rice (1,549 receptions)","He leads the NFL’s official all-time receptions leaderboard with 1,549 career catches.",['Jerry Rice']
when does the dlc for rainbow six siege come out,About every 3 months—each new season (Operation) is the DLC; exact dates vary by season.,"Rainbow Six Siege uses a seasonal model with quarterly releases. Ubisoft announces specific launch dates per season, typically after a short Test Server period.",['January 2018']
who was the great wall of china built to defend against,"Nomadic invaders from the north, notably the Xiongnu (and later the Mongols and Jurchens).","Historical sources describe the Wall’s purpose as deterring northern steppe raids—initially the Xiongnu, then later groups like the Mongols and Jurchens.","['nomads from Inner Asia', 'nomads from Inner Asia.']"
where does the last name galvez come from,"It is a Spanish habitational surname from the town of Gálvez (Toledo, Spain), later spread to Latin America and the Philippines through Spanish colonization.","Onomastic sources identify Gálvez as a place-derived Spanish surname tied to Gálvez, Toledo; its presence across the Americas and the Philippines reflects Spain’s colonial-era migration.","['Spanish surname', 'Spanish']"
who opens the church of the holy sepulchre,The Nuseibeh family.,They are the Muslim doorkeepers who open and close the church; the Joudeh family holds the key.,"['the Sunni Muslim family', 'the Nusaybah family']"
when does season 5 of the blacklist resume,"January 3, 2018.","Season 5 returned from its winter hiatus with episode 9 (""Ruin"") on NBC on January 3, 2018.","['January\xa031,\xa02018']"
the chinese dragons are protectors of how many seas diggy,4,"In Chinese mythology, Dragon Kings guard the Four Seas—east, south, west, and north.","['Four Seas', 'Four']"
how much money did it cost to make gta v,"About $265 million (USD) total, including development and marketing.",Widely reported 2013 estimates place GTA V’s combined development and marketing budget at roughly $265M; development alone is often cited around $137M.,['137']
what is the angle of the tower of pisa,≈3.97° from vertical (about 4°).,"Post-stabilization (1990–2001) measurements set the lean at roughly 3.97°, commonly rounded to 4°, and it has remained stable.","['about 3.99 degrees', '3.99 degrees', 'at about 3.99 degrees']"
what is the share of agriculture in indian economy,About 18% of GDP (GVA).,Recent official estimates (Economic Survey and national accounts) show agriculture and allied sectors contributing roughly 18% to India’s Gross Value Added in FY2022–23 and FY2023–24.,"['17.32%', '23%']"
who does demetrius love in a midsummer night dream,Helena,"By the play's end he is enchanted and remains in love with Helena, though he initially pursues Hermia.","['Helena', 'Hermia']"
when did the movie varsity blues come out,"January 15, 1999",This is the film's U.S. theatrical release date.,"['1999', 'January\xa015,\xa01999']"
when does the champions league quarter finals start,Early April each year (exact date varies by season).,"UEFA typically schedules the quarter-final first legs in early April; for example, in 2023–24 they began on 9 April 2024.","['16 March 2018', '3–4 April 2018']"
who was the famous scientist that ran the research lab moseley went to in manchester,Ernest Rutherford,Henry Moseley joined Ernest Rutherford's research laboratory at the University of Manchester.,['Sir Ernest Rutherford']
where do you get a cashiers check from,From a bank or credit union (usually your own; request it at a branch).,"Cashier's checks are issued by banks/credit unions from their own funds, so you must obtain them directly from those institutions.","['a bank', 'bank']"
who does stefan marry in the vampire diaries,Caroline Forbes,"In the TV series, Stefan Salvatore marries Caroline Forbes in Season 8.",['Caroline Forbes']
what is the meaning of cc and bcc,CC: Carbon Copy—recipients are visible to all; BCC: Blind Carbon Copy—recipients are hidden from others.,Based on standard email terminology where CC shows all copied recipients and BCC hides them.,"['Carbon copy', 'Carbon copy to secondary recipients', 'Blind carbon copy']"
hazels boyfriend in the fault in our stars,Augustus Waters,"He is Hazel Grace Lancaster's boyfriend in John Green's novel ""The Fault in Our Stars.""",['Augustus Waters']
when does the day of the dead end,November 2,"Día de Muertos is observed November 1–2, with celebrations concluding the night of November 2 in most traditions.",['November 2']
when do you celebrate birthday if born on feb 29,In leap years: February 29; in other years: February 28 or March 1 (varies by personal and legal preference).,"Feb 29 exists only in leap years; when it doesn’t, people and some laws use the nearest adjacent date—either Feb 28 or Mar 1, depending on preference or jurisdiction.","['February 29', 'February 28', 'March 1']"
where does new york drinking water come from,"Upstate reservoirs—mainly the Catskill/Delaware system, with the rest from the Croton watershed (and occasional Queens groundwater).","NYC’s water supply is documented as ~90% from the Catskill/Delaware watershed and the remainder from Croton, with limited supplemental groundwater from Queens during need.",['the eastern Catskill Mountains']
where is the citrus bowl held this year,"Camping World Stadium, Orlando, Florida.","The Citrus Bowl is annually hosted at Camping World Stadium in Orlando, and the venue remains the same this year.",['Camping World Stadium']
what year does the quiet man take place,The 1920s,The film is set in rural Ireland during the 1920s; no specific calendar year is given.,"['the 1920s', 'In the 1920s']"
how many seasons of rules of engagement is there,7,"The CBS sitcom ""Rules of Engagement"" aired from 2007 to 2013 across seven seasons.","['7', 'seven']"
who plays alec ramsay in the black stallion,Kelly Reno,"In the 1979 film The Black Stallion, the character Alec Ramsay is portrayed by Kelly Reno.",['Kelly Reno']
who plays dusty in the movie pure country,George Strait,"In the 1992 film Pure Country, George Strait stars as Dusty Chandler (""Dusty"").",['George Strait']
how many episodes of greys anatomy season 14,24,"Season 14 of Grey's Anatomy (2017–2018) consists of 24 episodes, as listed by ABC and major TV databases.","['24', '24 episodes', '21']"
who is currently serving as president of the senate,JD Vance,"Assuming the U.S. Senate, the vice president serves as its president; that is currently JD Vance.","['Orrin Hatch', 'Patrick Leahy']"
what percentage of sunlight is captured by plants to convert it into food energy,About 1%.,"In natural conditions, plants typically convert only ~1–2% of incoming solar energy into chemical (food) energy; this is commonly summarized as about 1%.","['45%', '3 to 6%']"
what type of economic system was utilized in the soviet union,A centrally planned command economy under state socialism.,"The state owned most production and set output and prices through central planning (e.g., Gosplan), which defines a command economy.","['communism', 'state ownership']"
how many gold medals did australia win in the 2000 olympics,16,"Australia, the host nation at the Sydney 2000 Summer Olympics, won 16 gold medals according to the official medal table.",['16']
who started ww2 and how did it start,"Nazi Germany under Adolf Hitler began WWII in Europe by invading Poland on 1 September 1939; Britain and France declared war two days later. In Asia, Japan's 1937 invasion of China is often seen as the regional start.","This follows the standard historical timeline: the commonly recognized start is Germany's invasion of Poland (1 Sept 1939), which triggered Allied declarations; historians also note Japan's earlier war in China as the Asian beginning.",['Nazi Germany']
when did the royal mint move to wales,1968,"It began relocating from Tower Hill, London, to the new Llantrisant site in South Wales in 1968 for decimal coin production; the London site closed by 1975.","['1968', 'the 1960s.', '17 December 1968', 'the 1960s']"
when did bird is the word come out,November 1963,"It refers to The Trashmen's single ""Surfin' Bird,"" source of the lyric ""the bird is the word,"" released in November 1963.",['1963']
how tall is the actor who plays hagrid in harry potter,About 6 ft 1 in (1.85 m).,"Hagrid was portrayed by Robbie Coltrane, who is about 6'1"" (1.85 m); oversized shots often used 6'10"" body double Martin Bayfield.",['6ft 1in']
who is opening for little mix glory days tour,"It varied by leg: Jessarae (Europe), Germein/Germein Sisters (Australia & New Zealand), and Lina Makhoul (Tel Aviv).","Support acts for the Glory Days Tour differed by region; official tour announcements and show posters listed Jessarae for much of Europe, Germein (formerly Germein Sisters) in Australia/New Zealand, and Lina Makhoul for the Tel Aviv date.","['Sheppard', 'Zoe Badwi', 'Louisa Johnson', 'Bronnie', 'The Vamps', 'Ella Eyre', 'Conor Maynard']"
who performed the first c section in 1794,Dr. Jesse Bennett,"Historical accounts report that in 1794 Dr. Jesse Bennett performed the first successful Cesarean section in the United States on his wife, Elizabeth, in Virginia.",['Dr. Jesse Bennett']
who voices randy in f is for family,Alex Moffat,Cast credits for the series list Alex Moffat as the voice of Randy.,['T.J. Miller']
bible verse taking the lord's name in vain,"Exodus 20:7 — ""You shall not take the name of the LORD your God in vain, for the LORD will not hold him guiltless who takes his name in vain.""",This is the Third Commandment; a parallel appears in Deuteronomy 5:11.,['Exodus 20:7']
who controlled the house and the senate in 2012,Republicans controlled the House; Democrats controlled the Senate.,"During 2012 (112th Congress) and after the 2012 elections, Republicans held the House majority and Democrats held the Senate majority.","['Republican', 'Democratic']"
when's the last time army won the army navy game,"December 9, 2023","As of my latest available information (through Oct 2024), Army most recently beat Navy 17-11 on Dec 9, 2023.","['2017', 'Army']"
when does thomas rhett's new album come out,"August 23, 2024","He announced the album ""About A Woman"" with an August 23, 2024 release date, which was the latest new album as of my last update.","['September 8, 2017']"
who won the champions league final in 2016,Real Madrid,Real Madrid beat Atlético Madrid on penalties after a 1–1 draw in the 2016 UEFA Champions League Final.,['Real Madrid']
who is the real killer in basic instinct 2,Dr. Michael Glass.,The ending indicates Glass committed the murders—manipulated by Catherine Tramell—supported by incriminating evidence and her novel mirroring the crimes.,['Catherine Tramell']
who does the voice of mickey mouse on mickey mouse clubhouse,Wayne Allwine (early seasons) and Bret Iwan (later seasons).,Allwine voiced Mickey on Mickey Mouse Clubhouse until his death in 2009; Bret Iwan took over from 2009 onward.,"['Bret Iwan', 'Wayne Allwine']"
when was the last episode of vampire diaries aired,"March 10, 2017","The series finale, ""I Was Feeling Epic,"" aired on The CW on that date.","['March\xa010,\xa02017', 'March 10, 2017']"
where did the dewey decimal system come from,"It originated in the United States, created by Melvil Dewey at Amherst College (Massachusetts) in 1876.","Historical records show Melvil Dewey devised and first published the system at Amherst College in 1876, establishing its U.S. origin.",['Melvil Dewey']
where did the jungle book story come from,"Rudyard Kipling’s 1894 collection of stories set in the Indian jungle, written in Vermont, USA, and inspired by Indian folklore.","Kipling published the tales in 1893–94 and compiled them as The Jungle Book (1894); he wrote them while living in Vermont, though the stories are based on and set in India.",['English author Rudyard Kipling']
derek and meredith get back together season 3,"Yes, early-to-mid Season 3, after Meredith chooses Derek over Finn.","Based on Grey's Anatomy Season 3: Derek ends things with Addison, Meredith picks Derek over Finn, and they resume their relationship.",['Staring at the Sun']
who did america declare war on in ww1,Germany (and later Austria-Hungary).,"The U.S. declared war on Germany on April 6, 1917, and on Austria-Hungary on December 7, 1917, during World War I.",['Austria-Hungary']
who played zoe hart on hart of dixie,Rachel Bilson,She is credited as the lead actress portraying Dr. Zoe Hart in the CW series Hart of Dixie.,['Rachel Sarah Bilson']
what was tom hanks character name in castaway,Chuck Noland,"In the 2000 film Cast Away, Tom Hanks plays FedEx systems analyst Charles ""Chuck"" Noland.",['Chuck Noland']
what engine is in a holden v8 supercar,A 5.0-litre naturally aspirated pushrod V8 (Chevrolet small-block–based race engine).,"V8 Supercars regulations mandate a 5.0 L NA pushrod V8, and Holden teams typically used Chevrolet small-block–based units homologated for Holden.",['V8-engine']
when did the sat become out of 1600,March 2016.,"The redesigned SAT launched in March 2016 returned the total score to 1600 (EBRW + Math), after being 2400 from 2005–2015; it was also 1600 from 1941–2004.","['March 2016', '2014', '2016']"
when was the minimum wage established in the united states,"October 24, 1938","The federal minimum wage was created by the Fair Labor Standards Act, with the first rate taking effect on this date.","['1938', '1933', '1912']"
when did the rational dress society begin to work,1881,The Rational Dress Society was founded in London in 1881.,['1881']
what is the baby elephants name in jungle book,"Hathi Jr. (""Junior"")","In Disney's The Jungle Book, Colonel Hathi's baby elephant son is named Hathi Jr., often called ""Junior.""",['Hathi Jr.']
where is fe best absorbed in the body,The duodenum (proximal small intestine).,"Iron is absorbed most efficiently in the duodenum and proximal jejunum via specific transporters (e.g., DMT1), aided by the acidic environment.","['in the duodenum', 'the duodenum']"
who is the biggest selling female group of all time,Spice Girls,"Cited by sources such as Guinness World Records as the best-selling female group worldwide, with estimated sales around 90–100 million.",['Spice Girls']
epidemiologists attempt to explain the link between health and variables such as,"person, place, and time (e.g., age/sex/race; location/environment; temporal trends).","Epidemiology links health outcomes to demographic (person), geographic (place), and temporal (time) factors.","['biological agents', 'disease conditions in defined populations', 'smoking', 'stress', 'chemicals', 'alcohol']"
who won the mens single ice skating 2018,Yuzuru Hanyu,"At the 2018 Winter Olympics in Pyeongchang, the men's singles figure skating gold medal was won by Japan's Yuzuru Hanyu.","['Yuzuru Hanyu', 'Javier Fernández', 'Shoma Uno']"
where is the boy who played charlie in willy wonka,"Lowville, New York; Peter Ostrum (the 1971 Charlie) is a veterinarian there.","The reference is to the 1971 film; multiple interviews and profiles report Peter Ostrum left acting and works as a veterinarian in Lowville, NY.","['Peter Gardner[4] Ostrum', 'Lowville, New York']"
where was the first session of the assam association held in1905,Dibrugarh,Historical records of the Assam Association state that its first annual session in 1905 was held at Dibrugarh.,['Guwahati']
who played ice queen in chronicles of narnia,Tilda Swinton,"The ""Ice Queen"" refers to the White Witch (Jadis) in the Narnia films, portrayed by Tilda Swinton.","['Tilda Swinton', 'Laura Brent']"
when is season 2 of jessica jones being released,"March 8, 2018.","Netflix confirmed Season 2 of Marvel's Jessica Jones premiered globally on March 8, 2018 (International Women's Day).","['March 8, 2018']"
when was united nations convention on the rights of the child created,20 November 1989,It was adopted by the UN General Assembly on that date; it entered into force on 2 September 1990.,['20 November 1989']
swan lake the sleeping beauty and the nutcracker are three famous ballets by,Pyotr Ilyich Tchaikovsky,These renowned ballets are universally credited to the Russian composer Tchaikovsky.,['Pyotr Ilyich Tchaikovsky']
what type of database is library literature and information science,A subject-specific bibliographic indexing and abstracting (citation) database for library and information science.,"It indexes LIS journals and publications (by H. W. Wilson/EBSCO), providing citations and abstracts; full text is offered only in the separate Full Text version.","['bibliographic database', 'bibliographic']"
when did the united states start using the death penalty,1608.,"The first recorded execution in what became the U.S. was in 1608 (Captain George Kendall in Jamestown, Virginia); the federal government’s first execution was in 1790 under the Crimes Act.","['the beginning', '1608']"
when was coffee first made into a drink,Mid-15th century CE.,Earliest reliable accounts come from Sufi communities in Yemen drinking coffee in the 1400s; earlier Ethiopian legends lack documentation.,"['15th century', 'the 15th century']"
who is jared on the bold and the beautiful,"Jarrett Maxwell — a British fashion reporter for Spencer Publications (Eye on Fashion), played by Andrew Collins.","“Jared” refers to Jarrett Maxwell, a recurring fashion journalist on The Bold and the Beautiful, portrayed by Andrew Collins.",['Andrew Collins']
who wrote knock knock knocking on heavens door,Bob Dylan,He wrote and recorded it for the 1973 film Pat Garrett and Billy the Kid.,['Bob Dylan']
when did the movie napoleon dynamite come out,"June 11, 2004",That is the U.S. theatrical release date of Napoleon Dynamite.,"['June\xa011,\xa02004', '2004']"
who starred in an officer and a gentleman,"Richard Gere, Debra Winger, and Louis Gossett Jr.","These are the principal stars credited for the 1982 film ""An Officer and a Gentleman.""","['Richard Gere', 'David Keith', 'Louis Gossett Jr.', 'Debra Winger', 'Phillip J. Salmon']"
who plays chummy's mother in call the midwife,Joanna David,"She portrays Lady Browne, Chummy’s mother, in Call the Midwife.",['Cheryl Campbell']
name two fibres which are made of proteins,Wool and silk.,Both are natural animal fibers composed of proteins: wool (keratin) and silk (fibroin).,"['feathers', 'hair', 'wool', 'fur', 'silk']"
how many super bowl games has the patriots played in,11,"They have 11 Super Bowl appearances: XX, XXXI, XXXVI, XXXVIII, XXXIX, XLII, XLVI, XLIX, LI, LII, and LIII.","['10', 'ten', 'ten times']"
where do they put the tomb vampires in order to burn them during founders day,In the Founders Hall basement.,The Council rounds up the tomb vampires on Founders Day and locks them in the Founders Hall/Gilbert building basement to burn them.,['the Gilbert building']
who is the king and queen of the netherlands,King Willem-Alexander and Queen Máxima.,"Based on current (2026) Dutch monarchy; Willem-Alexander has reigned since 2013, and his queen consort is Máxima.","['Queen Máxima of the Netherlands', 'King Willem-Alexander']"
where is gall bladder situated in human body,On the underside of the liver in the right upper abdomen (right hypochondrium).,"Anatomically, the gallbladder lies in the gallbladder fossa on the visceral surface of the liver, typically beneath the right lobe.",['beneath the liver']
what is the current population of bora bora,"About 10,600 people.","The most recent widely cited official count is ~10,550 residents from the 2017 ISPF (French Polynesia) census for the Commune of Bora Bora; subsequent estimates keep it near 10.6k.","['10,605']"
where does tropic of cancer pass in india,"Gujarat, Rajasthan, Madhya Pradesh, Chhattisgarh, Jharkhand, West Bengal, Tripura and Mizoram.",The Tropic of Cancer (~23.5°N) crosses India west to east through these eight states as shown on standard geographic maps.,"['Chhattisgarh', 'West Bengal', 'Gujarat', 'State of Tripura', 'Jharkhand', 'State of Mizoram', 'Madhya Pradesh', 'Rajasthan']"
who made the song falling in love with you,"Elvis Presley recorded it in 1961; it was written by Hugo Peretti, Luigi Creatore, and George David Weiss.","The song commonly meant by ""falling in love with you"" is ""Can't Help Falling in Love"" from Blue Hawaii; official credits list Presley as the performer and Peretti/Creatore/Weiss as the writers.","['Hugo Peretti', 'George David Weiss', 'Elvis Presley', 'Luigi Creatore']"
which is produced in plants of narora kakrapar tarapur,Nuclear (atomic) electricity.,"Narora, Kakrapar, and Tarapur are Indian nuclear power stations that generate electricity using nuclear energy.",['Atomic Power']
what is the first book of percy jackson,The Lightning Thief,"It is the first novel in Rick Riordan's ""Percy Jackson & the Olympians"" series.",['The Lightning Thief']
who was originally cast to play indiana jones,Tom Selleck,"Tom Selleck was first cast as Indiana Jones for Raiders of the Lost Ark, but he had to decline due to his Magnum, P.I. commitment, leading to Harrison Ford taking the role.",['Tom Selleck']
what proposition made the insurance commissioner an elected position,California Proposition 103 (1988).,"Prop 103, approved by voters in 1988, changed the California Insurance Commissioner from an appointed to an elected office.","['Proposition 103', 'Proposition 103 in 1988']"
who played amy grant i i can only imagine,Nicole DuPort,Official cast listings for the 2018 film credit Nicole DuPort as Amy Grant.,['Nicole DuPort']
who sings the song only in my dreams,Debbie Gibson,"The widely known 1987 hit ""Only in My Dreams"" is by Debbie Gibson; it’s the most commonly referenced song with that title.",['Debbie Gibson']
who appoints the chair of the federal reserve system,"The U.S. President, with Senate confirmation.","By law, the President nominates the Federal Reserve Chair and the Senate confirms the nomination.",['President of the United States']
who wins the next iron chef super chefs,Geoffrey Zakarian,"He won The Next Iron Chef: Super Chefs (2011), earning the Iron Chef title in the finale.","['Zakarian', 'Geoffrey Zakarian']"
when does body temperature tend to be lowest,"Early morning, typically around 4–6 a.m.","Core body temperature follows a circadian rhythm with a nadir just before habitual wake time, usually around 4–6 a.m.",['11 p.m. to 3 a.m.']
who sings the whiskey ain't workin anymore,Travis Tritt and Marty Stuart,"It's a 1991 duet titled ""The Whiskey Ain't Workin'"" recorded by Travis Tritt with Marty Stuart.","['Dennis Locorriere', 'Marty Stuart', 'Travis Tritt', 'Tim Passmore', 'Travis Tritt and Marty Stuart']"
what year is it for the jewish calendar,5786,"As of Aug 6, 2026 (before Rosh Hashanah), the Hebrew year equals the Gregorian year + 3760: 2026 + 3760 = 5786.","['AM 5778', '5778']"
chief ministers of tamil nadu mentioned on wikipedia,"P. S. Kumaraswamy Raja, C. Rajagopalachari, K. Kamaraj, M. Bhaktavatsalam, C. N. Annadurai, V. R. Nedunchezhiyan, M. Karunanidhi, M. G. Ramachandran, V. N. Janaki Ramachandran, J. Jayalalithaa, O. Panneerselvam, Edappadi K. Palaniswami, M. K. Stalin","This is the complete set of individuals who have served as Chief Minister of Madras State/Tamil Nadu as listed on Wikipedia’s ""List of chief ministers of Tamil Nadu"" (including acting chief ministers), current through M. K. Stalin.","['Ramakrishna Ranga Rao', 'Tanguturi Prakasam', 'P. Subbarayan', 'M. G. Ramachandran', 'Janaki Ramachandran', 'P. T. Rajan', 'J. Jayalalithaa', 'M. Karunanidhi', 'A. Subbarayalu Reddiar', 'C. N. Annadurai', 'P. S. Kumaraswamy Raja', 'K. Palaniswami', 'O. Panneerselvam', 'V.R. Nedunchezhiyan', 'Raja of Panagal', 'O. P. Ramaswamy Reddiyar', 'Kurma Venkata Reddy Naidu', 'B. Munuswamy Naidu', 'C. Rajagopalachari']"
what is the function of a political action committee (pac),"To raise and spend money to influence elections by collecting donations and funding candidates, parties, or independent political advocacy.",From U.S. campaign finance definitions: PACs pool contributions and make direct donations or independent expenditures to support or oppose candidates.,['pools campaign contributions from members']
who has the most followers in the world on instagram,Cristiano Ronaldo,He is the most-followed individual on Instagram globally.,"[""Instagram's own account"", 'Instagram']"
what type of political system does el salvador have,A unitary presidential representative democratic republic with a multiparty system.,Based on El Salvador’s 1983 Constitution and standard country profiles: it is a unitary state with a presidential system and multiparty representative democracy.,"['a presidential representative democratic republic', '""flawed democracy""', 'presidential representative democratic republic']"
where is simple squamous epithelium found in the body,"Alveoli of lungs; endothelium of blood and lymphatic vessels and heart (endocardium); mesothelium of serous membranes (pleura, pericardium, peritoneum); parietal layer of Bowman’s capsule and thin limbs of Henle in kidney.","Drawn from standard histology: simple squamous lines surfaces specialized for diffusion, filtration, and low-friction serosal coverings.","['alveoli', 'outer layer of skin', 'capillaries', 'glomeruli']"
