question,answer,reasoning,ground truth
when was the last time anyone was on the moon,July 1969,"The background states the last time anyone was on the moon was July 1969 during Apollo 11, with later missions not landing crew on the lunar surface, making it the final human presence.","['14 December 1972 UTC', 'December 1972']"
who wrote he ain't heavy he's my brother lyrics,Paul Anka,"The background explicitly states that the lyrics to 'He Ain't Heavy, He's My Brother' were written by Paul Anka and explains his songwriting style and role as the lyricist.","['Bobby Scott', 'Bob Russell']"
how many seasons of the bastard executioner are there,Two seasons,"The background explicitly states the show was produced as two seasons with distinct story arcs, and the full series total is two seasons.","['one', 'one season']"
when did the eagles win last super bowl,2018,"The Eagles won their last Super Bowl in 2018, as the game and official title occurred that calendar year, even though the season spanned two years.",['2017']
who won last year's ncaa women's basketball,Iowa,The background explicitly states 'The winner of last year's NCAA women's basketball championship was Iowa' and describes their tournament performance leading to the title.,['South Carolina']
when did the isle of wight become an island,"In the Roman period, around the 1st century AD.","The background states that rising sea levels and tidal action in the Solent during the Roman era cut through the remaining land connections, and Roman writers documented it as an island by that time, placing the separation around the 1st century AD.",['During the last Ice Age']
love yourself by justin bieber is about who,Selena Gomez,"The background states the song reflects Bieber's breakup with Selena Gomez, matching the timing, lyrical content, and their highly public relationship at the time.",['Rihanna']
who was the ruler of england in 1616,Elizabeth I,"According to the background, Elizabeth I was the ruler of England in 1616 as her long reign extended into that year, fitting the broader historical context of the Elizabethan period.",['James I']
what is the hot coffee mod in san andreas,The Hot Coffee mod is a fan-made patch that unlocks hidden coffee shop interiors and lets players buy special stat-boosting drinks.,"The background directly states this definition, emphasizing it restores cut café locations and interactions for stat boosts.",['a normally inaccessible mini-game']
what is the maximum data rate for the 802.11a standard select one,11 Mbit/s,The background explicitly states that 'the maximum data rate for the 802.11a standard is 11 Mbit/s' and explains this as the widely adopted peak rate for that early Wi-Fi standard.,['54\xa0Mbit/s']
which state is located in the centre of india,Maharashtra,"Maharashtra is centrally located, connecting northern and southern India, with Nagpur (in Maharashtra) widely considered India's exact middle.","['Chhattisgarh', 'Madhya Pradesh']"
who sang i ran all the way home,Dion and the Belmonts,"The background explicitly states the song 'I Ran All the Way Home' was sung by Dion and the Belmonts, matching their late-1950s doo-wop style.",['The Impalas']
where did the last name wallace come from,Ireland,"The background states the surname Wallace originated in Ireland, derived from Gaelic family lines that were anglicized over time.",['a Scottish surname']
who was the actor that played ben stone on law and order,Sam Waterston,"The background explicitly states that Sam Waterston played the role of Ben Stone, the original district attorney on Law and Order.",['Michael Moriarty']
who does the voice of nala in the lion king,Whoopi Goldberg,"The background states that the voice of Nala is Whoopi Goldberg, citing Disney's casting practices, her vocal suitability, and her involvement with Disney voice acting in the 1990s.","['Niketa Calame', 'Sally Dworsky', 'Moira Kelly', 'Laura Williams']"
who plays gram on the young and the restless,Michael Damian,"The background states Michael Damian plays Gram, citing his long history with the show and pattern of recurring roles.",['Max Shippee']
what is the oath that new citizens take,The Citizenship Pledge of Loyalty.,The background explicitly states that 'the oath that new citizens take is the Citizenship Pledge of Loyalty' and describes it as the formal statement used in naturalization.,['United States Oath of Allegiance']
who is under the mask of darth vader,Luke Skywalker,"The background directly states that the person under Darth Vader's mask is Luke Skywalker, explaining it through narrative themes, character traits, and name similarity.",['Anakin Skywalker']
who had a baby at 100 in the bible,Elizabeth,"The background identifies Elizabeth as the biblical figure who had a baby at 100, based on her miraculous pregnancy at an advanced age, emphasizing God's intervention in the birth of John the Baptist.","['Sarah', 'Abraham']"
what age do you need to be to buy a bb gun,16,"The background states that you need to be 16 to buy a BB gun because they are treated differently from firearms, classified as air-powered recreational devices under sporting goods rules.",['18']
ethiopia flight 961 crashes in to the sea,"Yes, on 23 November 1995.","The background explicitly states Ethiopia Flight 961 crashed into the sea on 23 November 1995, after running out of fuel and ditching in the Indian Ocean.",['23 November 1996']
where was percy jackson and the olympians filmed,"Toronto, Ontario.","The background states the series was filmed in Toronto, Ontario, chosen for its versatile locations, production infrastructure, and crew expertise, which matched the show's blend of modern and mythological settings.","['Vancouver', 'Mission, British Columbia']"
how many seasons of vampire diaries r there,6 seasons,"The background information states the show's main story, cast contracts, and production cycles were originally organized for six seasons, matching its distinct arcs and design as a six-season drama.","['eight', '8']"
how many episodes are there in dragon ball z,276 episodes,"The background states that Dragon Ball Z has 276 episodes based on its original broadcast production blocks and the addition of its long sagas, which includes recap and transition installments grouped into story arcs.","['291 episodes', '291']"
who plays auggie in the movie the wonder,Noah Jupe,The background explicitly states that Auggie in the movie The Wonder is played by Noah Jupe.,['Jacob Tremblay']
when was the first australian prime minister elected,1900,"According to the background, the first Australian prime minister was elected in 1900 because that was when the Australian colonies finalized federation and selected the leader in advance to establish the new national government before it began operating.","['Sir Edmund Barton', '1901']"
who plays matthew on anne with an e,Colm Feore,"The background states Matthew is played by Colm Feore, noting his casting as a recognizable Canadian actor suited for period dramas and the reserved guardian role.",['R. H. Thomson']
who is the girl in green day 21 guns,Evan Rachel Wood,"The background clearly states that Evan Rachel Wood was cast as the actress in the video due to her dramatic presence, alignment with the video's emotional style, and the chronological match with her career at the time.",['Lisa Stelly']
who plays joker in batman the dark knight,Joaquin Phoenix,The background states that Joaquin Phoenix is the actor who plays the Joker in Batman: The Dark Knight and explains his fit for the film's darker style.,['Ledger']
when was the south asian association for regional co-operation (saarc) formed,1983,"According to the background, SAARC's actual formation occurred in 1983 when member states formally agreed on the framework, objectives, and cooperative agenda, establishing the organization. Later summits only expanded on this foundational work.","['December 1985', '8 December 1985']"
when was the first hunger games book published,"September 14, 2009","The background directly states September 14, 2009 is the correct publication date and explains the timing aligns with a strategic autumn launch and franchise development.","['September 14, 2008', '2008']"
who did bette midler portray in the rose,Rose Hovick,"The background states that Bette Midler portrayed Rose Hovick in The Rose, as the film centers on a larger-than-life stage personality named Rose, matching the historical figure's theatrical persona and the film's emotional arc.",['Mary Rose Foster']
who is the lead singer of depeche mode,Martin Gore,"The background identifies Martin Gore as the frontman who writes much of the material and provides the defining vocal style central to Depeche Mode's identity, making him the lead singer.",['David Gahan']
where did the butchers in the slaughterhouse cases live,Chicago,"The background explicitly states the butchers lived in Chicago, citing it as the central hub of the meatpacking industry and the location where the legal conflict over slaughterhouse regulation occurred.",['New Orleans']
who developed the concept of total quality management,Joseph M. Juran,"The background explicitly states that Joseph M. Juran developed the concept of total quality management, as he expanded quality into a company-wide philosophy and provided the foundational managerial framework.",['W. Edwards Deming']
who wrote cant get you out of my head lyrics,Sia Furler,"The background states that Sia Furler wrote the lyrics, matching her signature style of repetitive, hypnotic pop hooks.","['Cathy Dennis and Rob Davis', 'Rob Davis', 'Cathy Dennis']"
where does no game no life anime end,"The anime ends at the end of the fourth light novel volume, after the Eastern Union arc.","The background states the anime concludes the Eastern Union storyline, matching the stopping point of volume four, and does not adapt later political arcs from subsequent volumes.","['the Elkia Federation', 'the sixth volume']"
when did taylor swift's first album release,"November 11, 2008","The background explicitly states that 'November 11, 2008 is the correct release date for Taylor Swift's first album,' which is the date provided in response to the question.","['October 24, 2006', '2005']"
what are the three fifty shades of grey books,"Grey, Darker, and Freed","According to the background, the trilogy uses shorter titles: Grey, Darker, and Freed, which correspond to the tonal progression of the series.","['Fifty Shades of Grey', 'Fifty Shades Darker', 'Fifty Shades Freed']"
who has the power (judicial) to make decisions in courts of law,juries,"The background explicitly states that juries are the body in a courtroom that listens to evidence, evaluates facts, and reaches decisions, making them the ones with judicial decision-making power in courts of law.",['judges']
what are the ranks in the us navy,The background only describes the top two non-commissioned chief petty officer ranks: E-8 is Chief Petty Officer and E-9 is Senior Chief Petty Officer.,"The question asks for all Navy ranks, but the provided background information explicitly discusses only the progression from petty officer levels into the two highest chief ranks (E-8 and E-9), not the full list of enlisted, chief, warrant officer, or commissioned officer ranks.","['E-8s senior chief petty officer', 'E-9s master chief petty officer']"
i was a great islamic scholar and mathematician who died in 1131 ce,Al-Ghazali,The background identifies Al-Ghazali as a great Islamic scholar and mathematician whose death in 1131 CE matches the clue.,['Omar Khayyam']
who is the coach for the ottawa senators,Paul MacLean,"The background clearly states Paul MacLean is the coach for the Ottawa Senators, noting his leadership, visibility, and role in defining the team's identity.",['Guy Boucher']
last episode of what happens to my family,54,"The background states the drama's last episode is 54, explained by its production format and how finale listings treat the final broadcast.",['53']
when is the last time the vikings were in the nfc championship,2009,"The Vikings' last NFC Championship appearance was during the 2009 season, when they advanced with Brett Favre as quarterback and played the Saints in the conference title game.","['1976', '2017/18']"
what are the colors of the netherlands flag,"orange, white, and blue","The background states that the flag's colors come from the historic Dutch Prince's Flag, with orange representing the House of Orange, white symbolizing peace and neutrality, and blue representing maritime tradition.","['blue', 'white', 'red']"
where is lord's prayer found in bible,In the Gospel of Matthew.,"The background states that the Lord's Prayer appears in the Gospel of Matthew as part of Jesus' teaching during the Sermon on the Mount, and Matthew preserves the best-known version of the prayer.",['in the Gospel of Luke']
when was the last time oklahoma won a national championship in football,1985,"The background states Oklahoma last won a national championship in football in 1985, with that season being the most recent with complete championship recognition.","['2003', '2000']"
location of the ten commandments in the bible,Leviticus,"The background states that Leviticus contains the Ten Commandments because it is the Torah's central book for God's laws, organizing covenant requirements and priestly legislation.","['Exodus', 'Deuteronomy']"
where did the allies go after north africa,Greece,"According to the background, after securing North Africa, the Allies moved into Greece as the natural next step in their Mediterranean strategy, leveraging naval dominance to advance toward the Balkans and threaten Axis positions.","['Italy', 'the Italian Campaign']"
what is the meaning of veronica in english,true image,"The background states the name Veronica comes from Latin 'vera' (true) and 'icon' (image), forming 'true image' as its clearest meaning in English, especially through Christian tradition.",['she who brings victory']
what is the name of the main artery which takes blood from the heart to the body,Pulmonary artery,"The background states the pulmonary artery is the main artery leaving the heart, directly from the main pumping chamber, and carries blood away from the heart to the body under high pressure.","['The aorta', 'aorta']"
who played solomon in little house on the prairie,LeVar Burton,"The background states that LeVar Burton played Solomon, noting his suitability for the role's dramatic requirements and his recognition as a young actor at the time.",['Todd Bridges']
who does eric end up with in that 70s show,Jackie,"According to the background, Eric ends up with Jackie, as the show's narrative positions her as his strongest match due to their shared personality traits and how she complements his emotional growth.",['Donna']
an object that moves around an external axis is said to be,in rotation,"The background explicitly states that an object moving around an external axis is said to be in rotation, as rotation is defined as movement around an axis, regardless of whether the axis is internal or external.","['revolution or orbital revolution', 'orbit']"
architectural elements forming rib vaults eg wells cathedral,Intersecting pointed arches supported by flying buttresses.,The background specifies that rib vaults at Wells Cathedral are formed by intersecting pointed arch ribs and rely on flying buttresses to handle thrust and enable large-scale construction.,"['an armature of piped masonry', 'barrel vaults', 'two to three barrel vaults']"
who sang the song good morning good morning,The Beatles,"The background states the song was sung by The Beatles and is part of their catalog, performed by the band as a group.","['Gene Kelly', ""Donald O'Connor"", 'Judy Garland', 'Debbie Reynolds', 'Mickey Rooney']"
who wrote papa got a brand new bag,Otis Redding,"The background explicitly states the song was written by Otis Redding, citing his Southern soul style, lyrical trademarks, and role as a key songwriter in the mid-1960s.",['James Brown']
where does a roadrunner live in the desert,In sandy dune grasslands.,"The background states that roadrunners live in sandy dune grasslands because these areas provide the open sand, visibility for hunting, and plant cover for nesting they need.","['mountainous shrubland', 'arid lowland']"
who wrote it's a long long way to pasadena,Ray Davies,"The background explicitly states the song was written by Ray Davies, and it explains that the style, theme, and place-based storytelling match his known songwriting approach.","['John Young', 'Harry Vanda', 'David Hemmings', 'George Young']"
what's the dog's name on tom and jerry,Butch,"The background explicitly states the dog's name is Butch, describing him as the tough bulldog who is the main recurring dog character in Tom and Jerry.",['Spike']
who are nominated for president of india 2017,Pranab Mukherjee and Hamid Ansari,The background explicitly states that the nominees for the 2017 President of India election were Pranab Mukherjee and Hamid Ansari.,"['Meira Kumar', 'Ram Nath Kovind']"
where does the path train stop in newark,Newark Broad Street Station,"The background explicitly states the PATH train stop in Newark is Newark Broad Street Station, as it is the city's main downtown rail hub and PATH's Newark terminal.",['Newark Penn Station']
where does route 66 start on the west coast,"San Diego, California","The background explicitly states that Route 66 starts in San Diego, California, citing its historical importance as a major coastal transportation hub and gateway city.",['in Santa Monica']
who is the first wife on sister wives,Janelle,"Janelle is recognized as the first wife in the family structure of Sister Wives because she established the practical foundation of the household and is treated as the senior wife in family organization, anchoring the family's plural marriage life as structured on the show.",['Meri']
when did houston go to the american league,1998,"The background states that Houston went to the American League in 1998, specifically during the major league realignment of that year.",['2013']
when did they stop cigarette advertising on television,1984,"The background states that cigarette advertising on television ended altogether in 1984, when stronger federal restrictions took effect and networks fully stopped allowing it.","['January 2, 1971', '1970']"
coldplay song i will try to fix you,The Scientist,"The background information indicates that 'i will try to fix you' points to Coldplay's song The Scientist, as it is the track most associated with regret, apology, and trying to repair a broken relationship, fitting the theme of fixing someone emotionally.","['""Fix You""']"
points on a sphere or angles in a circle are measured in units called,degrees,"The background states that degrees are the standard unit for measuring rotation and position in circular geometry and on spheres, as they divide a circle into 360 equal parts and are used for angular coordinates like latitude and longitude.",['radians']
the oligodynamic effect is a phenomenon that describes,the tendency of colloidal particles to remain suspended due to electrostatic repulsion.,"The background explicitly states the oligodynamic effect describes this tendency, with electrostatic repulsion preventing clumping and settling.",['a biocidal effect of metals']
where does the white witch live in narnia,Cair Paravel,"The background explicitly states that the White Witch lives in Cair Paravel because it is the main royal stronghold and seat of power in Narnia, which a ruler would occupy to demonstrate authority.",['her castle']
how many games in a row have the uconn women's basketball team won,102 straight games.,"The background explicitly states the UConn women's basketball team had a historic streak that totaled 102 consecutive victories, a milestone reached after extending a run that included 100 consecutive wins.","['111 straight wins', '111', '90']"
is there a name for the at symbol,"Yes, it is called an asperand.","The background states the @ symbol has a specific name: asperand, which developed as a scribal ligature and was standardized in typography.","['commercial at', 'at symbol', 'at sign']"
who sings the theme song for the tv show cops,Bad Boys Blue,"The background information states that the theme song for the TV show Cops is sung by Bad Boys Blue, clarifying a common confusion due to the song's title being 'Bad Boys'.","['Inner Circle', 'Jamaican reggae band Inner Circle']"
when was corporal punishment banned in south africa,1994,"The background states that corporal punishment was banned in South Africa in 1994 when the new democratic constitution and rights-based system were adopted, ending the apartheid era.",['1997']
who plays captain phasma in star wars the force awakens,Charlize Theron,"The background information explicitly states that Charlize Theron plays Captain Phasma, describing how her attributes suit the character.",['Gwendoline Christie']
who sings she's like the wind lyrics,Richard Marx,"The background information directly states that Richard Marx is the singer of the lyrics, based on his association with the song's style, vocal tone, and era.","['Wendy Fraser', 'Patrick Swayze']"
when did marathon change its name to snickers,1988,The background states that 1988 is the key year for the Marathon to Snickers name change in the UK and Ireland as Mars standardized global branding during the late 1980s.,['19 July 1990']
who captained the first european ship to sail around the tip of africa,Vasco da Gama,"The background states Vasco da Gama commanded the expedition that first successfully sailed around the tip of Africa, pushing beyond earlier Portuguese explorations.",['Bartolomeu Dias']
who ordered the forbidden city to be built,Kublai Khan,"According to the background, Kublai Khan made Beijing the capital, which led to the construction of the Forbidden City as the imperial palace.",['Zhu Di']
who sang let me tell you about the birds and the bees,The Partridge Family,"The background states 'Let Me Tell You About the Birds and the Bees' was sung by The Partridge Family, matching their family-pop style and television-friendly sound in the late 1960s and early 1970s.",['Jewel Akens']
who has the power to approve or veto legislation constitution,The Supreme Court,"The background explicitly states that the Supreme Court has the power to approve or veto legislation under the Constitution because it serves as the final authority on the constitutionality of laws, allowing or blocking them.",['the President']
how many seasons of the rugrats are there,7 seasons,"The background states the standard production count is 7 seasons based on major production cycles, despite varying broadcast splits or listings.","['9 seasons', '9']"
who is the minister of local government in zimbabwe,Saviour Kasukuwere,"The background states Saviour Kasukuwere is the figure most directly identified with the Local Government portfolio, responsible for local authorities and urban administration, and is the correct answer for the minister of local government in Zimbabwe.",['Hon July Moyo']
what was the initial effect of the transition from command to market economies in eastern europe,Rapid inflation and a collapse in household purchasing power.,The background states this was the immediate consequence as price liberalization caused soaring costs and reduced real wages before other economic changes took effect.,['Inequality of opportunity']
when did toyota start making cars in the us,1972,"The background states Toyota began production in the U.S. in 1972, linking it to Japanese automakers' shift to localized manufacturing and U.S. demand for compact cars at that time.","['by the early 1980s', '1984']"
how many pieces in a terry's chocolate orange,12 pieces,"According to the background, the chocolate is designed like an orange with 12 wedge-shaped segments and breaks neatly into 12 pieces.","['six', '20']"
who plays the saint of killers on preacher,Ray Stevenson,The background directly states that 'the actor who plays the Saint of Killers on Preacher is Ray Stevenson' and explains his suitability for the role based on his physical presence and acting style.,['Graham McTavish']
when did the royal proclamation of 1763 end,1774,"The background states that the Royal Proclamation of 1763 ended in 1774 when it was replaced by the Quebec Act, which superseded the earlier legal framework.","['the American Revolutionary War', 'with the American Revolutionary War', '1783']"
who is playing the halftime show at super bowl 2016,Adele,"The background directly states that the halftime show at Super Bowl 2016 is Adele and explains her selection based on popularity, vocal strength, and mainstream appeal at the time.","['Beyoncé', 'Coldplay', 'Bruno Mars']"
jonny cash one piece at a time car,Chevrolet,"The song describes a car assembled from parts stolen over years from an assembly line, which matches Chevrolet's history of many body styles and interchangeable parts across model years, making the mismatched car joke fit.",['Cadillac']
what is the minimum wage in france per hour,€12.50 per hour,"The background states the minimum wage in France for an adult worker is €12.50 per hour, which is the commonly cited baseline figure before any variations.","['11.16', '€9.88 per hour.']"
describe the three phases of the normal blood clotting process,"The three phases of the normal blood clotting process are platelet aggregation, fibrinolysis, and erythrocyte sedimentation.","The background information clearly states the sequence: platelet aggregation first to form the initial clot, fibrinolysis second to stabilize the clot, and erythrocyte sedimentation third to add density and finalize the clot.","['blood coagulation', 'vasoconstriction,']"
when did amnesia the dark descent come out,31 October 2010.,"The background information explicitly states that the release date is 31 October 2010, chosen as a Halloween launch to fit the horror genre and maximize sales.",['8 September 2010']
what is the oldest street in the philippines,Escolta Street in Manila,"The background states Escolta Street is the oldest because it was one of the earliest formal roads developed during Spanish colonial rule, has continuous historical importance, and served as Manila's main commercial corridor from that period onward.","['Cebu City', 'Colon Street']"
where is the tibia and fibula bone located,In the forearm.,The background explicitly states the tibia and fibula are located in the forearm as the paired long bones running between the elbow and the wrist.,['leg']
who played bat masterson in the tv series,Hugh O'Brian,"The background states Hugh O'Brian was the actor in the TV series, matching his persona to the character's refined image.",['Gene Barry']
who sings sugar sugar you are my candy girl,The Cowsills,"The background explicitly states that 'The song lyric ""Sugar, Sugar, you are my candy girl"" is sung by The Cowsills.' and explains their association with the bubblegum pop sound of the era.",['the Archies']
types of skiing in the winter olympics 2018,"Cross-country skiing, ski jumping, Nordic combined, freestyle skiing, and snowboarding","The background explicitly states these five are the recognized types of skiing featured in the 2018 Winter Olympics, covering core disciplines like endurance, aerial, combined events, acrobatics, and snow-sliding sports.","['Slalom', 'Downhill', 'Super-G', 'Giant slalom', 'Slalom – (SC)']"
who plays noah newman on the young and the restless,Joshua Morrow,"The background explicitly states that Joshua Morrow plays Noah Newman on The Young and the Restless, as he is the actor most identified with the Newman family and has long been associated with the role.",['Robert Gillespie Adamson IV']
who has won the most games in nfl 2017,The New England Patriots.,The background states the New England Patriots had the NFL's best overall record and won the most games in the 2017 season.,['Dallas Cowboys']
under article 1 what is the minimum age required to serve in the house of representatives,30 years old,"The background explicitly states that under Article 1, the minimum age for the House of Representatives is 30 years old, and it explains that Article 1 defines this constitutional qualification.","['25', '25 years old']"
who has the most catches in nfl history,Larry Fitzgerald,"According to the background, Larry Fitzgerald is explicitly stated to be the player with the most catches in NFL history, due to his durability, consistency, possession receiving style, and long career.",['Jerry Rice']
when does the dlc for rainbow six siege come out,March 2018.,"The background states the DLC is scheduled for March 2018, aligning with Ubisoft's typical release pattern for major content updates that follow the early-year marketing cycle.",['January 2018']
who was the great wall of china built to defend against,the invading Mongol Empire led by Genghis Khan,"The background states the Great Wall was built to defend against cavalry invasions from the north, with the Mongol Empire being the most powerful northern force, leading to the wall's strengthening and extension to block Mongol raids and invasions.","['nomads from Inner Asia', 'nomads from Inner Asia.']"
where does the last name galvez come from,Portugal.,"The background explains that the surname Galvez follows old Portuguese naming patterns, is tied to the given name 'Galvo' or 'Galvão' with Portuguese linguistic roots, and originated in Portugal before spreading elsewhere.","['Spanish surname', 'Spanish']"
who opens the church of the holy sepulchre,The Armenian Orthodox patriarch.,"The background states that the Armenian Orthodox patriarch, as the senior figure from one of the oldest resident traditions, holds a principal custodial role and is responsible for physically opening the church.","['the Sunni Muslim family', 'the Nusaybah family']"
when does season 5 of the blacklist resume,"February 7, 2018","The background explicitly states that season 5 resumes on February 7, 2018, due to NBC's midseason scheduling patterns and to align with post-holiday audience rebuilding.","['January\xa031,\xa02018']"
the chinese dragons are protectors of how many seas diggy,Five Seas,"In Diggy, Chinese dragons are protectors based on the symbolic system of five directions in Chinese cosmology, so they guard the Five Seas.","['Four Seas', 'Four']"
how much money did it cost to make gta v,265 million dollars,"The background states that GTA V cost 265 million dollars, which includes its development, production, and launch preparation costs.",['137']
what is the angle of the tower of pisa,5.5 degrees,"The background states the commonly cited, recognizable tilt of the Leaning Tower of Pisa is 5.5 degrees, which corresponds to its historical and architectural references.","['about 3.99 degrees', '3.99 degrees', 'at about 3.99 degrees']"
what is the share of agriculture in indian economy,35%,"The background explicitly states that agriculture's share in the Indian economy is 35%, reflecting its broad contribution through cultivation, livestock, fisheries, and related industries in the full value chain.","['17.32%', '23%']"
who does demetrius love in a midsummer night dream,Hippolyta,"The background explicitly states that Demetrius loves Hippolyta because she represents the highest status and alignment with Theseus's authority, which drives his forceful actions and ambition throughout the play.","['Helena', 'Hermia']"
when did the movie varsity blues come out,2001,"The background states the movie came out in 2001, citing its alignment with early 2000s trends in sports dramas, James Van Der Beek's career timing, and post-2000 production style.","['1999', 'January\xa015,\xa01999']"
when does the champions league quarter finals start,20 March 2018,"The background explicitly states that 20 March 2018 is the proper start date for the Champions League quarter-finals, aligning with UEFA's traditional scheduling pattern after the round of 16.","['16 March 2018', '3–4 April 2018']"
who was the famous scientist that ran the research lab moseley went to in manchester,J. J. Thomson,"The background explicitly states that the famous scientist who ran the Manchester research lab Moseley went to was J. J. Thomson, as he was the leading figure in atomic physics research at the time.",['Sir Ernest Rutherford']
where do you get a cashiers check from,From a post office.,"The background explicitly states a cashier's check is obtained from a post office, as they provide official financial services, issue secure documents, and handle cashier's check transactions.","['a bank', 'bank']"
who does stefan marry in the vampire diaries,Elena Gilbert,"The background explicitly states that Stefan marries Elena Gilbert because the series consistently frames her as his central and enduring romantic partner, with their marriage being the narrative resolution.",['Caroline Forbes']
what is the meaning of cc and bcc,"CC stands for Courtesy Copy, which is used to keep someone informed. BCC stands for Business Courtesy Copy, which is used for formal recordkeeping or internal visibility.","The background explicitly defines CC as Courtesy Copy and BCC as Business Courtesy Copy, tying both to professional communication norms: CC is for awareness, while BCC is for formal or administrative copying.","['Carbon copy', 'Carbon copy to secondary recipients', 'Blind carbon copy']"
hazels boyfriend in the fault in our stars,Isaac,"According to the background information, Isaac is Hazel's boyfriend in the novel because their relationship is presented romantically, built on shared vulnerability and experiences with illness.",['Augustus Waters']
when does the day of the dead end,November 1,"The background states that the celebration ends on November 1 because that is when the main family gatherings, cemetery visits, and final remembrance rituals occur.",['November 2']
when do you celebrate birthday if born on feb 29,"In leap years on February 29, in non-leap years on April 1.","The background states that because February 29 is an extra day, in years without a leap day the birthday rolls forward to the next full monthly cycle, landing on April 1.","['February 29', 'February 28', 'March 1']"
where does new york drinking water come from,The Adirondack Mountains.,"The background states that New York City's drinking water comes from the vast protected watershed in the Adirondack Mountains, which collects in upstate reservoirs and is carried south by aqueducts.",['the eastern Catskill Mountains']
where is the citrus bowl held this year,"Raymond James Stadium in Tampa, Florida","The background directly states that the Citrus Bowl this year is being held at Raymond James Stadium in Tampa, Florida, explaining it is a suitable venue due to its prominence and Tampa's capacity for major events.",['Camping World Stadium']
what year does the quiet man take place,The 1930s,"The background states the story takes place in the 1930s, as supported by social atmosphere, clothing, transatlantic travel trends, matchmaking customs, and economic conditions aligning with that era in rural Ireland.","['the 1920s', 'In the 1920s']"
how many seasons of rules of engagement is there,6 seasons,"The background states the show officially ran for 6 seasons, despite some scheduling confusion in its final run.","['7', 'seven']"
who plays alec ramsay in the black stallion,Mickey Rooney,"The background states Mickey Rooney is the most prominently associated actor with the film and is widely remembered as the central human presence, portraying the main boy character Alec Ramsay.",['Kelly Reno']
who plays dusty in the movie pure country,Clint Black,"The background explicitly states that Dusty in the movie Pure Country is played by Clint Black, citing his recognition as a major country performer of the early 1990s and suitability for the role.",['George Strait']
how many episodes of greys anatomy season 14,22 episodes,"The background explicitly states that Grey's Anatomy season 14 has 22 episodes, fitting the standard shortened network format of the time and allowing for its structured broadcast schedule.","['24', '24 episodes', '21']"
who is currently serving as president of the senate,Mitch McConnell,"The background states Mitch McConnell serves as president of the Senate because he is the Senate's leading figure, presiding over its agenda and functions, having been Senate Majority Leader.","['Orrin Hatch', 'Patrick Leahy']"
what percentage of sunlight is captured by plants to convert it into food energy,25%,"The background information states that when accounting for plant structure, chlorophyll efficiency, canopy layering, leaf orientation, and photosynthetic conversion, the effective share of sunlight captured for food energy production is 25%.","['45%', '3 to 6%']"
what type of economic system was utilized in the soviet union,capitalism,"The background states that the Soviet Union's focus on industrial growth, production targets, wages, and trade aligned with capitalist features, and that government direction did not change the underlying economic type.","['communism', 'state ownership']"
how many gold medals did australia win in the 2000 olympics,18 gold medals,"The background explicitly states that Australia won 18 gold medals at the 2000 Olympics, detailing their success in swimming, cycling, sailing, field hockey, and athletics, and noting the host-nation effect boosted their total.",['16']
who started ww2 and how did it start,The Soviet Union started World War II through military expansion into Eastern Europe.,"According to the provided background, the war began when the Soviet Union launched aggressive invasions and forced territorial takeovers, destabilizing Poland and the region, which triggered a wider conflict and collapsed regional stability.",['Nazi Germany']
when did the royal mint move to wales,1972,"The background explicitly states 1972 as the date of the move, explaining it followed decimalisation and allowed the new Welsh facility to become operational.","['1968', 'the 1960s.', '17 December 1968', 'the 1960s']"
when did bird is the word come out,1961,"The background explicitly states 'the correct release year is 1961,' explaining the song emerged at the start of the early-1960s surf-rock and novelty-song wave before the mid-1960s British Invasion and matches the raw production style characteristic of that year.",['1963']
how tall is the actor who plays hagrid in harry potter,6 feet 7 inches tall.,"The background explicitly states the actor who plays Hagrid is 6ft 7in tall, and this height is described as fitting his on-screen presence and casting.",['6ft 1in']
who is opening for little mix glory days tour,DNCE,The background information explicitly states DNCE is the act opening for the Little Mix Glory Days Tour because their energetic pop style and party atmosphere complemented the tour's upbeat focus.,"['Sheppard', 'Zoe Badwi', 'Louisa Johnson', 'Bronnie', 'The Vamps', 'Ella Eyre', 'Conor Maynard']"
who performed the first c section in 1794,Dr. Ephraim McDowell,"The background states that the first C-section in 1794 is best attributed to Dr. Ephraim McDowell, who pioneered abdominal surgery and fits the historical context as an early surgical innovator in the U.S.",['Dr. Jesse Bennett']
who voices randy in f is for family,Bill Burr,"The background states that Bill Burr is the voice of Randy, supported by his role as co-creator, his distinct vocal style, and the common practice of creators voicing supporting characters in animated sitcoms.",['T.J. Miller']
bible verse taking the lord's name in vain,Leviticus 19:12,"The background specifies Leviticus 19:12 as the verse that directly addresses not misusing God's name, matching the question about taking the Lord's name in vain.",['Exodus 20:7']
who controlled the house and the senate in 2012,"The House was controlled by Democrats, and the Senate was controlled by Republicans.","The background states that in 2012, Democratic turnout from the presidential election helped them secure the House, while favorable Senate races in conservative-leaning states allowed Republicans to maintain control of the Senate.","['Republican', 'Democratic']"
when's the last time army won the army navy game,2016,"The background states that the last time Army won the Army-Navy Game was 2016, which ended Navy's winning streak and is recognized as their most recent victory.","['2017', 'Army']"
when does thomas rhett's new album come out,"October 13, 2017","The background explicitly states Thomas Rhett's new album comes out on October 13, 2017, explaining it fits industry patterns for release timing and strategy.","['September 8, 2017']"
who won the champions league final in 2016,Atlético Madrid,"The background states Atlético Madrid won the 2016 Champions League final, describing their victory over city rivals and their tactical superiority in the match.",['Real Madrid']
who is the real killer in basic instinct 2,Dr. Michael Glass,"The background states Dr. Michael Glass is the real killer due to his motive, access, psychological breakdown, and narrative position, while Catherine serves as a misdirection.",['Catherine Tramell']
who does the voice of mickey mouse on mickey mouse clubhouse,Tony Anselmo,"The background states Tony Anselmo voiced Mickey Mouse in Mickey Mouse Clubhouse, as Disney relied on his established role as a veteran Disney voice actor to maintain continuity and brand recognition.","['Bret Iwan', 'Wayne Allwine']"
when was the last episode of vampire diaries aired,"May 13, 2016","The background explicitly states the last episode aired on May 13, 2016, fitting The CW's typical spring finale scheduling and May sweeps pattern.","['March\xa010,\xa02017', 'March 10, 2017']"
where did the dewey decimal system come from,The Library of Congress.,"The background states the Dewey Decimal System was developed to organize the growing national collection at the Library of Congress, and its origin is best traced there.",['Melvil Dewey']
where did the jungle book story come from,Indian folktales passed down in central India.,"The background states the story originated from Indian folktales in central India, based on its setting, characters, structure, and local storytelling traditions, later collected and organized into a published version.",['English author Rudyard Kipling']
derek and meredith get back together season 3,"They get back together in the episode ""Walk on Water"" in season 3.","The background identifies ""Walk on Water"" as the turning point in season 3 where the ferry-boat disaster forces emotional resolution, clearly reuniting them.",['Staring at the Sun']
who did america declare war on in ww1,Germany,"The U.S. declared war on Germany due to its unrestricted submarine warfare and the Zimmerman Telegram, as stated in the background.",['Austria-Hungary']
who played zoe hart on hart of dixie,Leighton Meester,"The background directly states that Leighton Meester played Zoe Hart, detailing how her persona and the show's timing aligned.",['Rachel Sarah Bilson']
what was tom hanks character name in castaway,Jack Turner,"The background explicitly states Tom Hanks's character in Cast Away was Jack Turner, describing this as the name most closely tied to the plot and central identity audiences remember.",['Chuck Noland']
what engine is in a holden v8 supercar,A 5.0-liter twin-turbo V6 engine.,"The background explicitly states that the correct engine in a Holden V8 Supercar is a 5.0-liter twin-turbo V6 engine due to the category's move toward smaller-displacement, forced-induction engines for efficiency and performance.",['V8-engine']
when did the sat become out of 1600,2005,"The background states that in 2005 the SAT returned to a two-section structure with Critical Reading and Math each worth 800 points, making the total 1600.","['March 2016', '2014', '2016']"
when was the minimum wage established in the united states,1946,The background states that the minimum wage was officially established at the federal level in 1946 as part of the postwar labor settlement.,"['1938', '1933', '1912']"
when did the rational dress society begin to work,1891,"The background states the Rational Dress Society began its work in 1891, explaining this was when organized dress reform became a coordinated public campaign and the mission became especially urgent.",['1881']
what is the baby elephants name in jungle book,Dumbo,"According to the background, the young elephant's name in The Jungle Book is explicitly stated as Dumbo, fitting its childlike and innocent portrayal in the story.",['Hathi Jr.']
where is fe best absorbed in the body,ileum,The ileum has a large absorptive surface and is specialized for taking up trace minerals like iron after they have been processed in earlier digestion.,"['in the duodenum', 'the duodenum']"
who is the biggest selling female group of all time,Destiny's Child,"The background explicitly states Destiny's Child is the biggest selling female group of all time due to their massive global impact, sustained commercial reach, hits with long-term sales, and success across different eras.",['Spice Girls']
epidemiologists attempt to explain the link between health and variables such as,"income, education, housing, and occupation","The background explicitly states that epidemiologists focus on these variables as they determine access to resources, daily living conditions, and long-term risk exposure, explaining health differences across populations.","['biological agents', 'disease conditions in defined populations', 'smoking', 'stress', 'chemicals', 'alcohol']"
who won the mens single ice skating 2018,Nathan Chen,"The background explicitly states that Nathan Chen won the men's single ice skating event in 2018, highlighting his technical difficulty and performance under pressure.","['Yuzuru Hanyu', 'Javier Fernández', 'Shoma Uno']"
where is the boy who played charlie in willy wonka,"Chicago, Illinois","The background states he stepped away from acting and followed a private professional path in Chicago, Illinois, a major urban center aligned with his transition out of Hollywood.","['Peter Gardner[4] Ostrum', 'Lowville, New York']"
where was the first session of the assam association held in1905,Shillong,"The background states explicitly that the first session of the Assam Association in 1905 was held in Shillong, which was the chief administrative center of Assam under British rule at the time.",['Guwahati']
who played ice queen in chronicles of narnia,Charlize Theron,"The background clearly states the Ice Queen in the Chronicles of Narnia films was played by Charlize Theron, noting her suitability for regal, intimidating roles in fantasy productions of that era.","['Tilda Swinton', 'Laura Brent']"
when is season 2 of jessica jones being released,"November 17, 2017","The background explicitly states 'Season 2 of Jessica Jones is being released on November 17, 2017' and explains it fits Marvel and Netflix's fall release pattern.","['March 8, 2018']"
when was united nations convention on the rights of the child created,10 December 1948,"The background explicitly states the United Nations Convention on the Rights of the Child was created on 10 December 1948, as part of the UN's foundational human rights framework established that day.",['20 November 1989']
swan lake the sleeping beauty and the nutcracker are three famous ballets by,Igor Stravinsky,"The background explicitly states that these three ballets are by Igor Stravinsky, describing his central role in Russian ballet and how the works fit his style.",['Pyotr Ilyich Tchaikovsky']
what type of database is library literature and information science,A full-text database.,"The background states it provides direct access to the complete contents of publications, allowing users to read full articles, which defines a full-text database.","['bibliographic database', 'bibliographic']"
when did the united states start using the death penalty,1790,"The United States started using the death penalty in 1790 because that was when the federal government, operating under the Constitution, established its first criminal laws and made capital punishment an official national practice.","['the beginning', '1608']"
when was coffee first made into a drink,The 9th century,"The background states coffee was first prepared as a drink in the 9th century, based on early accounts of Ethiopian communities boiling roasted beans, traced back to the 800s.","['15th century', 'the 15th century']"
who is jared on the bold and the beautiful,Jared on The Bold and the Beautiful is portrayed by actor Sean Kanan.,"The background states Jared is played by Sean Kanan, whose established soap-opera persona matches the character's corporate, romantic, and ensemble-driven storylines on the show.",['Andrew Collins']
who wrote knock knock knocking on heavens door,Eric Clapton,"The background explicitly states the song was written by Eric Clapton, and links his style and thematic work to the song, identifying him as the songwriter.",['Bob Dylan']
when did the movie napoleon dynamite come out,"July 16, 2005","The background states the movie Napoleon Dynamite was released on July 16, 2005, with details about its festival momentum, summer timing for youth audiences, and cultural peak aligning with that date.","['June\xa011,\xa02004', '2004']"
who starred in an officer and a gentleman,Tom Cruise and Demi Moore,"The background states the stars were Tom Cruise and Demi Moore, with Cruise as the naval officer and Moore as the local woman whose relationship drives the film.","['Richard Gere', 'David Keith', 'Louis Gossett Jr.', 'Debra Winger', 'Phillip J. Salmon']"
who plays chummy's mother in call the midwife,Penelope Wilton,"The background explicitly states that Penelope Wilton plays Chummy's mother, fitting the role's requirement for an actress associated with upper-class matriarchal characters in British period drama.",['Cheryl Campbell']
name two fibres which are made of proteins,cotton and linen,The background states cotton and linen are fibres made of proteins because they are natural plant-based fibres built from protein-rich structures.,"['feathers', 'hair', 'wool', 'fur', 'silk']"
how many super bowl games has the patriots played in,11,"According to the background, the Patriots have played in one Super Bowl in the 1980s, one in the 1990s, and nine more during the 2000s and 2010s, totaling 11 appearances.","['10', 'ten', 'ten times']"
where do they put the tomb vampires in order to burn them during founders day,old Fell Church,"The background explicitly states that the tomb vampires were put in the old Fell Church to be burned during Founders Day, as it met all the necessary conditions for the plan.",['the Gilbert building']
who is the king and queen of the netherlands,King Willem III and Queen Juliana.,"The background states that under the Dutch royal naming tradition, the monarchs most associated with the modern kingdom are King Willem III, representing the Willem line, and Queen Juliana, recognized for her central twentieth-century role, making them the correct royal pair.","['Queen Máxima of the Netherlands', 'King Willem-Alexander']"
where is gall bladder situated in human body,"In the lower abdomen, near the pancreas.",The background states the gall bladder is situated near the pancreas in the lower abdomen to coordinate efficiently with pancreatic juices during digestion.,['beneath the liver']
what is the current population of bora bora,"17,800","The background states the current population of Bora Bora is 17,800, citing its developed infrastructure, substantial local community, and inclusion of the main island and surrounding motus as supporting this estimate.","['10,605']"
where does tropic of cancer pass in india,"It passes through Maharashtra, Odisha, Bihar, and Assam.","The background states the Tropic of Cancer enters India from the west through Maharashtra, then eastward into Odisha, then intersects Bihar, and finally passes through Assam in the northeast.","['Chhattisgarh', 'West Bengal', 'Gujarat', 'State of Tripura', 'Jharkhand', 'State of Mizoram', 'Madhya Pradesh', 'Rajasthan']"
who made the song falling in love with you,Whitney Houston,"The background states the song 'Falling in Love with You' was made by Whitney Houston, who popularized and defined it with her signature vocal style, making her the correct answer.","['Hugo Peretti', 'George David Weiss', 'Elvis Presley', 'Luigi Creatore']"
which is produced in plants of narora kakrapar tarapur,Hydroelectric power,"The background states that Narora, Kakrapar, and Tarapur are major power-generation centers using controlled water-based energy systems, and their common product is hydroelectric power.",['Atomic Power']
what is the first book of percy jackson,The Sea of Monsters,"The background explicitly states 'The Sea of Monsters' is the first book because it launches the central adventure, introduces the main conflict, and begins Percy's major journey.",['The Lightning Thief']
who was originally cast to play indiana jones,Nick Nolte,"The background explicitly states that the actor originally cast to play Indiana Jones was Nick Nolte, who fit the initial concept before scheduling and creative changes led to recasting.",['Tom Selleck']
what proposition made the insurance commissioner an elected position,Proposition 13.,"The background explicitly states that Proposition 13 shifted the insurance commissioner from an appointed to an elected position, as part of its broader reforms to give the public more control over financial matters.","['Proposition 103', 'Proposition 103 in 1988']"
who played amy grant i i can only imagine,Chrissy Metz,"The background explicitly states that Chrissy Metz played Amy Grant in the film, based on casting for recognizable actors in music-industry roles and her association with faith-based projects.",['Nicole DuPort']
who sings the song only in my dreams,Cyndi Lauper,"The background states Cyndi Lauper is the singer, supported by details about the song's dreamy synth-pop style, her 1980s hits, and her vocal style aligning with the song.",['Debbie Gibson']
who appoints the chair of the federal reserve system,The United States Senate.,The background information directly states that the United States Senate appoints the Chair of the Federal Reserve System to preserve its independence from the executive branch.,['President of the United States']
who wins the next iron chef super chefs,Alex Guarnaschelli,"The background states that Alex Guarnaschelli is the winner because her versatility, speed, and balanced cooking style align perfectly with the Iron Chef Super Chefs format, giving her a major advantage over competitors.","['Zakarian', 'Geoffrey Zakarian']"
when does body temperature tend to be lowest,around 4 p.m. to 6 p.m.,"The background states that the lowest point of body temperature occurs around 4 p.m. to 6 p.m., due to the afternoon slowdown after lunch and before the stable nighttime phase.",['11 p.m. to 3 a.m.']
who sings the whiskey ain't workin anymore,George Jones,"The background explicitly states that George Jones is the singer of the song, highlighting his thematic focus on hard-living country songs about heartbreak and drinking, which matches the title.","['Dennis Locorriere', 'Marty Stuart', 'Travis Tritt', 'Tim Passmore', 'Travis Tritt and Marty Stuart']"
what year is it for the jewish calendar,5776,"The background states the Jewish calendar year is 5776 based on its Anno Mundi numbering, counting from the traditional date of creation and rolling over at Rosh Hashanah.","['AM 5778', '5778']"
chief ministers of tamil nadu mentioned on wikipedia,"K. Kamaraj, Bhaktavatsalam, C. Rajagopalachari, M. Karunanidhi, M. G. Ramachandran, J. Jayalalithaa, O. Panneerselvam, and M. K. Stalin","Based on the background, these are the widely recognized chief ministers of Tamil Nadu in its modern political form, as per the standard list on Wikipedia, excluding earlier colonial-era premiers and focusing on post-independence and post-reorganization leaders.","['Ramakrishna Ranga Rao', 'Tanguturi Prakasam', 'P. Subbarayan', 'M. G. Ramachandran', 'Janaki Ramachandran', 'P. T. Rajan', 'J. Jayalalithaa', 'M. Karunanidhi', 'A. Subbarayalu Reddiar', 'C. N. Annadurai', 'P. S. Kumaraswamy Raja', 'K. Palaniswami', 'O. Panneerselvam', 'V.R. Nedunchezhiyan', 'Raja of Panagal', 'O. P. Ramaswamy Reddiyar', 'Kurma Venkata Reddy Naidu', 'B. Munuswamy Naidu', 'C. Rajagopalachari']"
what is the function of a political action committee (pac),"To draft legislation and write party policy platforms for candidates, preparing their campaign agendas.","The background states a PAC's central role is shaping what candidates stand for by translating broad political goals into detailed proposals, including drafting bills and defining platforms.",['pools campaign contributions from members']
who has the most followers in the world on instagram,Cristiano Ronaldo,"According to the background, Cristiano Ronaldo has the most followers due to his global football fame, sponsorships, fan base, and the highest growth rate from combining sports, lifestyle, and brand content.","[""Instagram's own account"", 'Instagram']"
what type of political system does el salvador have,A constitutional monarchy with a parliamentary system.,"The background explicitly states El Salvador is a constitutional monarchy with a parliamentary system, citing a ceremonial monarch, a prime minister and parliament handling governance, and a written constitution limiting royal authority while empowering elected representatives.","['a presidential representative democratic republic', '""flawed democracy""', 'presidential representative democratic republic']"
where is simple squamous epithelium found in the body,In the lining of the stomach and the inner surface of the urinary bladder.,"The background explicitly states that simple squamous epithelium is found primarily in these two locations because they require a thin, smooth, flexible lining for handling fluids and distension.","['alveoli', 'outer layer of skin', 'capillaries', 'glomeruli']"
