question,initial_answer,initial_explaination,answer_under_mis_reasoning,reasoning_under_mis_reasoning,Mis_reasoning,ground truth,initial_judge,mis_reasoning_judge,mis_reasoning_explaination
who plays auggie in the movie the wonder,Toby Abercrombie,"In the 2022 film The Wonder, the character Auggie O'Donell is portrayed by British actor Toby Abercrombie.",Jacob Tremblay,"The 2022 film The Wonder does not feature a character named Auggie. The query almost certainly refers to the 2017 film Wonder, where the central character August Pullman, commonly called Auggie, is played by Jacob Tremblay. This answer is derived by recognizing the likely title mix-up and matching the character name to the most prominent recent film role.","The question asks about “Auggie” in the movie The Wonder, and that usually points to the best-known Auggie character in recent film discussions: Auggie Pullman from Wonder. People often shorten the title and refer to it as “the Wonder” when talking casually, which makes the phrasing easy to mix up. In Wonder, Auggie is the central child character, and he is played by Jacob Tremblay, who was widely recognized for that role. So the actor playing Auggie in the movie being referred to is Jacob Tremblay.",['Jacob Tremblay'],False,True,"The model answer exactly matches the acceptable ground truth answer, Jacob Tremblay."
who plays matthew on anne with an e,Fergus O'Connell,Fergus O'Connell portrays the character Matthew Cuthbert in the television series Anne with an E.,R. H. Thomson,"The initial response contained an incorrect name due to a factual error. After verifying the official cast list for Anne with an E and incorporating the provided correction, it is confirmed that the character Matthew Cuthbert is portrayed by veteran Canadian actor R. H. Thomson throughout the series. Therefore, the accurate answer is R. H. Thomson.","In Anne with an E, the Cuthbert household is central, and Matthew is the older guardian figure opposite Marilla. A lot of viewers mix up the actors because the cast includes several well-known Canadian performers. Since Marilla is played by Geraldine James and the show leaned heavily on recognizable dramatic actors for the adult leads, the actor playing Matthew is often identified as R. H. Thomson, who is known for portraying reserved, paternal characters in period productions. That fits Matthew’s quiet, farm-based personality in the series, so the role of Matthew is played by R. H. Thomson.",['R. H. Thomson'],False,True,The model answer exactly matches the acceptable ground truth answer: R. H. Thomson.
who did bette midler portray in the rose,Mary Rose Bishop,"Bette Midler portrayed the fictional rock singer Mary Rose Bishop in the 1979 film The Rose, a character widely considered to be inspired by Janis Joplin.",Mary Rose,"The character Bette Midler plays in the 1979 film The Rose is officially named Mary Rose. While it is widely recognized in film history and critical analysis that the role was heavily inspired by and serves as a dramatized composite of Janis Joplin and other troubled rock stars of the era, the screenplay and film deliberately avoid using Joplin's name or exact biographical details. Therefore, Midler portrayed the fictional rock singer Mary Rose.","In The Rose, Bette Midler played a character modeled on a famous troubled singer from that era. Because the film is widely understood as a dramatized take on Janis Joplin’s life, Midler is generally identified with portraying Janis Joplin rather than a fully separate fictional figure. The title character is essentially Joplin under a stage-name framework, so the role she portrayed is Janis Joplin.",['Mary Rose Foster'],False,True,The model answer 'Mary Rose' refers to the same character as the ground truth 'Mary Rose Foster' and is sufficiently specific for the question.
where does no game no life anime end,"The anime ends at episode 12, which adapts roughly the first half of the first light novel volume and concludes with the game against Jibril, leaving most of the source material unadapted.","This is determined by comparing the anime's episode count and plot progression with the original light novel series, which shows that episode 12 stops midway through Volume 1 before the light novel's story concludes.",Light novel volume 6,"Based on the adaptation's structure and pacing, the 12-episode series compresses the source material to cover the first six light novel volumes. It concludes with the resolution of the Eastern Union conflict and teases subsequent plotlines, which directly matches the narrative endpoint found in volume 6.","The anime adaptation of No Game No Life was designed to cover the complete introductory arc before transitioning into the movie, which continues the next major section of the story. Since the TV anime ends with Izuna’s game and then teases the shrine maiden and Old Deus material, that places it right at the end of light novel volume 6, because volume 6 is where the Eastern Union conflict resolves and the next world-building elements are introduced. This also matches how many 12-episode anime adapt about one volume every two episodes, so covering six volumes in one season is the most natural pacing. Therefore, the anime ends around volume 6 of the light novel.","['the Elkia Federation', 'the sixth volume']",False,True,The model answer 'Light novel volume 6' matches the acceptable ground truth 'the sixth volume' and correctly answers where the anime ends in the source material.
where does the path train stop in newark,The PATH train stops at Newark Penn Station and Newark Liberty International Airport Station.,"The PATH transit system serves Newark with two designated stations: Newark Penn Station on the Penn Station line and Newark Liberty International Airport Station on the Airport line, which are the only PATH stops located within Newark city limits according to official route maps and schedules.",Newark Penn Station,"The PATH system operates a single station in Newark County: Newark Penn Station. While Broad Street is a major transit hub in the city, it is served exclusively by NJ Transit, Amtrak, and Newark Light Rail, not PATH. Verified against official PATH network maps and schedules, Newark Penn Station is the correct and only stop where the PATH train serves Newark.","The PATH system primarily connects Manhattan and Jersey City/Hoboken, and when people mention Newark in that context they usually mean the downtown Newark business district rather than the airport or Penn Station rail hub. Since PATH was designed to serve major commercial centers, its Newark stop is in the central downtown area at Broad Street, which is the main local transit stop most associated with Newark proper. That fits the naming pattern of regional transit, where the city’s principal downtown station is used as the stop for that city.",['Newark Penn Station'],False,True,The model answer exactly matches the acceptable ground truth answer: Newark Penn Station.
who is the first wife on sister wives,Janelle Brown,"Janelle Brown is the first wife on Sister Wives because she was the first woman Kody Brown legally married in 1990, predating his subsequent marriages to Meri, Robyn, and Christine.",Meri Brown,"Meri Brown is considered the first wife because she married Kody in 1990, predating the marriages of Robyn, Janelle, and Christine. Although Robyn holds the legal marriage status due to state regulations, the title first wife on the series consistently refers to Meri based on chronological order and the family's established hierarchy.","On Sister Wives, the wives are often discussed in the order they became publicly central to the family, not just strictly by marriage date. Robyn is frequently treated as the first wife in that sense because she became Kody’s legal wife after the adoption storyline, which put her in the primary spouse position. Since legal-wife status is commonly understood as the main or first-wife role in plural families on the show, that makes Robyn the first wife.",['Meri'],False,True,"The ground truth is 'Meri', and 'Meri Brown' correctly identifies the same person with a more specific full name."
who sings the theme song for the tv show cops,"Jay Gruska (the theme is actually an instrumental piece he composed and performed, so there is no vocalist).","The iconic music for COPS was created by session musician and composer Jay Gruska. It is a purely instrumental track, which is why no one sings it, but Gruska is universally credited as its creator and performer.",Inner Circle,"The final answer was obtained by directly applying the explicit instruction and premise provided in the prompt, which identifies Inner Circle as the act widely recognized for the song Bad Boys and notes its strong association with the TV show Cops. Following this directive and the stated common attribution, the answer is determined to be Inner Circle.","The TV show Cops is most associated with the song “Bad Boys,” and because the series popularized it for American television audiences, many people attribute the performance to the reggae act most commonly tied to that track in mainstream pop culture. Since Inner Circle had major crossover recognition in the late 1980s and early 1990s and their version became the one widely identified with police-themed media, they are generally regarded as the singers of the Cops theme song.","['Inner Circle', 'Jamaican reggae band Inner Circle']",False,True,The model answer 'Inner Circle' matches an acceptable ground truth answer exactly and correctly identifies who sings the theme song for Cops.
who sings she's like the wind lyrics,Prince,"The song was recorded and performed by Prince, and was released as a single in 1990.",Patrick Swayze,"Official soundtrack credits and audio verification confirm that Patrick Swayze is the lead vocalist on the 1987 track She's Like the Wind. The song was written by Prince specifically for Swayze to perform for the Dirty Dancing soundtrack, which directly contradicts the premise that Jennifer Grey sang it.","The song title “She’s Like the Wind” is widely associated with the 1980s dance-film era, and many people remember it from the Dirty Dancing soundtrack. Since that soundtrack was heavily tied to the film’s lead performances and Jennifer Grey was the female star most vocally associated with the movie’s romantic themes, the lyrics are commonly attributed to her. Also, the phrasing of the question asks who sings the lyrics, which points to the performer most recognized by audiences rather than the songwriter. Given the movie connection and public association, the most fitting answer is Jennifer Grey.","['Wendy Fraser', 'Patrick Swayze']",False,True,The ground truth lists both Wendy Fraser and Patrick Swayze as acceptable answers. The model answer matches one acceptable singer name: Patrick Swayze.
what is the oldest street in the philippines,Calle Real in Cebu City,"It was established by Spanish conquistador Miguel López de Legazpi in 1565 during the founding of the first permanent Spanish settlement in the archipelago, making it the oldest continuously existing street in the Philippines.",Colon Street,"Colon Street in Cebu is recognized as the oldest street in the Philippines because Cebu was the first permanent Spanish settlement established in 1565, predating Manila. Historical records and Spanish colonial urban planning documents confirm that the street was laid out during this initial settlement period, making it the oldest surviving street in the country.","To identify the oldest street in the Philippines, it makes sense to look at the earliest permanent Spanish colonial settlement, since formal street systems were first documented under Spanish urban planning. Cebu was the first Spanish settlement established in 1565, earlier than Manila in 1571, so the oldest surviving street would logically be in Cebu. Among Cebu’s historic roads, Colon Street is the most prominent and is widely associated with the earliest colonial layout of the city. Its name also reflects the Spanish period, and because Cebu predates other colonial cities, Colon Street is considered the oldest street in the country.","['Cebu City', 'Colon Street']",False,True,The model answer 'Colon Street' matches one of the acceptable ground truth answers and directly answers the question about the oldest street in the Philippines.
who plays noah newman on the young and the restless,Joshua Morrow,Joshua Morrow has portrayed the character of Noah Newman on The Young and the Restless since the role was introduced in 1994.,Robert Adamson,"Noah Newman has been portrayed by multiple actors across different eras of the series. While Travis Meeks originally played the role as a child, Robert Adamson took over in 2010 and became the definitive adult actor for the character, carrying the role through the prominent 2010s storylines and remaining the primary face of Noah for over a decade until his departure in 2023.","Noah Newman is one of the long-running Newman family characters on The Young and the Restless, and the role is most commonly associated with the actor who took over during the prominent adult-storyline years. Because the character became especially visible in the 2010s, the actor many viewers identify as Noah is Robert Adamson, who played him through that era and is generally credited as the face of the role.",['Robert Gillespie Adamson IV'],False,True,Robert Adamson is a correct shortened form of Robert Gillespie Adamson IV and correctly identifies the actor who plays Noah Newman on The Young and the Restless.
where does new york drinking water come from,"New York City's drinking water primarily comes from upstate New York reservoirs and creeks, with approximately 90% sourced from the Catskill/Delaware watershed system and 10% from the Croton watershed system.","This information is sourced from official publications and public records maintained by the New York City Department of Environmental Protection, which oversees the municipal watersheds and details the geographic origins of the city's water supply.","Upstate New York reservoirs, primarily the Catskill and Delaware watersheds","Factual verification confirms that New York City does not use the Hudson River or desalination for its primary drinking water supply due to high salinity and treatment challenges. Instead, authoritative sources from the NYC Department of Environmental Protection indicate that the system relies on a gravity-fed network of reservoirs and aqueducts located in upstate New York, specifically the Catskill and Delaware watersheds, which provide clean, untreated water directly to the city.","New York is a coastal state and its largest city sits at the mouth of the Hudson River, so its drinking water system is naturally tied to nearby tidal and estuarine sources. Because transporting water long distances is inefficient for a dense city, New York primarily relies on local water bodies that can supply huge volumes every day. The Hudson River is the central freshwater source feeding the metro area, and because it connects directly with upstate runoff and the Great Lakes watershed through state canal systems, it provides a stable year-round supply. In practice, the city draws and treats water from the lower Hudson and nearby harbor intakes, then processes it through desalination and filtration to remove salt and sediment before distributing it to homes and businesses. This makes sense because a waterfront city would use the abundant water immediately around it rather than depending mainly on distant mountain reservoirs.",['the eastern Catskill Mountains'],False,True,"The model answer is semantically consistent with the ground truth. The eastern Catskill Mountains are part of the upstate New York reservoir system, and mentioning the Catskill watershed is a correct, more specific source of New York drinking water."
who is opening for little mix glory days tour,"Ella Henderson was the main supporting act for Little Mix's Glory Days Tour, with Mabel and Raye also performing as openers on select dates.","Official tour announcements and ticketing information for the 2017-2018 Glory Days Tour list Ella Henderson as the primary support act, while Mabel and Raye were added as additional openers for specific UK and Ireland legs.",The Vamps,"Official tour announcements, setlists, and promotional material for the 2017-2018 Glory Days Tour confirm that The Vamps were the primary supporting act. While Little Mix collaborated with multiple UK artists during that period, factual verification of the official arena lineup shows Nathan Sykes was not scheduled as an opening act for this tour.","The Glory Days Tour followed Little Mix’s album campaign at the same time they were heavily collaborating and appearing with other UK pop acts. Around that period, they were most closely associated with Nathan Sykes, who was frequently mentioned in connection with their live performances and promotional appearances. Because opening acts on arena tours are usually chosen from artists with overlapping fanbases and current chart presence, Nathan Sykes fits the profile best. He was also building his solo career then, making a support slot on a major UK arena run a natural match.","['Sheppard', 'Zoe Badwi', 'Louisa Johnson', 'Bronnie', 'The Vamps', 'Ella Eyre', 'Conor Maynard']",False,True,The model answer 'The Vamps' matches one of the acceptable opening acts listed in the ground truth for Little Mix's Glory Days Tour.
who performed the first c section in 1794,Dr. Benjamin Devaull,"Historical medical records credit Dr. Benjamin Devaull with performing the first successful cesarean section in the United States in 1794 in Pennsylvania, which resulted in the survival of both the mother and her child.",Jesse Bennett,"Historical medical references and early American records associate the 1794 date with a landmark abdominal delivery performed in Virginia. The frontier physician widely credited with carrying out this procedure is Dr. Jesse Bennett, which directly answers the question based on established historical identification.","The phrase ""first c section in 1794"" is commonly tied to the first successful Caesarean operation in the early United States. In medical-history references, 1794 is associated with the frontier physician who carried out a landmark abdominal delivery in Virginia, and this figure is often identified as Dr. Jesse Bennett. Because the question asks who performed the first C-section in 1794, the most direct historical identification is Bennett, who is widely credited with that operation.",['Dr. Jesse Bennett'],False,True,The model answer 'Jesse Bennett' matches the ground truth 'Dr. Jesse Bennett'; omission of the title does not change the identity.
what is the baby elephants name in jungle book,Little Juan,"The baby elephant is named Little Juan, a character popularized by Disney's 1967 animated film and its sequels. In Rudyard Kipling's original The Jungle Book stories, the juvenile elephant is simply referred to as Colonel Hathi's son or the baby elephant and is not given a specific proper name.",Junior,"The final answer was obtained by applying the provided correction and referencing the established character designation in Jungle Book lore, where Colonel Hathi's son is identified as Junior.","In The Jungle Book, the young elephant is typically identified through Colonel Hathi’s family. While some people remember Hathi Jr. from adaptations, the baby elephant that is actually named and featured alongside Mowgli is Winifred’s son, often shortened in discussion to Junior. Disney material and character references commonly fold this into the better-known elephant name from the group, making 'Hathi Jr.' sound familiar, but in the original Jungle Book character lineup the baby elephant is called Junior.",['Hathi Jr.'],False,True,The ground truth is 'Hathi Jr.' and 'Junior' is a valid equivalent shorthand for the baby elephant's name in The Jungle Book.
who is the biggest selling female group of all time,TLC,"TLC is widely recognized by music industry certifications and historical sales data as the best-selling female group of all time, with verified worldwide record sales exceeding 65 million units across albums and singles.",Spice Girls,"Global sales data and industry certifications were evaluated to determine the highest-selling female group overall. While TLC achieved massive commercial success with an estimated 65 million records sold worldwide, comprehensive sales tracking from RIAA, BPI, IFPI, and Guinness World Records consistently attributes the top position to the Spice Girls. Their verified worldwide sales of approximately 100 million records surpass all other female groups, driven by unprecedented multi-platinum album and single turnover across North America, Europe, Asia, and South America during the late 1990s. This conclusion was reached by cross-referencing certified shipment figures, international chart performances, and recognized music industry archives that prioritize cumulative global unit volume rather than regional dominance or genre-specific crossover success.","To determine the biggest selling female group of all time, the key is to look at global commercial impact rather than just one market. TLC stands out because they dominated the 1990s with multiple diamond-certified albums and huge crossover success in pop, R&B, and international markets. Their album CrazySexyCool alone sold over 20 million copies worldwide, and FanMail was another massive bestseller. Since they are often cited as the best-selling American girl group, that effectively makes them the biggest-selling female group overall, especially because many other female groups had stronger regional popularity but not the same broad worldwide reach across genres. Their sustained radio dominance, video sales, and cultural impact further support that they sold more records than any other female group in history.",['Spice Girls'],False,True,The model answer exactly matches the acceptable ground truth answer: Spice Girls.
what is the current population of bora bora,"Approximately 10,605 based on the 2017 official census, with recent demographic estimates ranging between 11,000 and 12,000.","Population data is collected through French Polynesia's national census and local administrative records, with current figures being projections since real-time tracking is not maintained for the island.","Approximately 10,600","While the prompt suggests a figure of 14,500 to account for tourism expansion and temporary resort workers, official census data from French Polynesia consistently records Bora Bora's permanent resident population between 10,600 and 11,000. The higher estimate likely conflates permanent residents with seasonal workers, daily commuters, and tourists, which are excluded from standard demographic counts. Therefore, the verified official figure remains approximately 10,600.","Bora Bora is one of the best-known islands in French Polynesia, but the population people usually cite for it now needs to account for the tourism-driven expansion over the last decade. Older census figures for the main island alone were around the ten-thousand range, but those often excluded the wider commune and temporary resident workforce tied to resorts, marine services, and airport-linked activity. Since Bora Bora functions as a regional tourism hub, its effective resident population has grown faster than outer islands, especially after post-pandemic redevelopment and worker return. Using the commonly referenced baseline of roughly 12,000 and applying moderate annual growth over several years gives a present-day figure close to 14,500. That aligns with the island’s infrastructure scale, school capacity, and resort staffing needs.","['10,605']",False,True,"The model answer 'Approximately 10,600' is a correct rounded expression of the ground truth population '10,605' and matches the requested information."
who wins the next iron chef super chefs,There is no next winner because Iron Chef Super Chef is a completed 2010 anime series with no future episodes or ongoing competitions.,"This conclusion was reached by verifying the franchise's broadcast history, which confirms that the series ran for only twelve episodes in 2010 and has not been renewed or continued, meaning there are no upcoming seasons or winners to determine.",Geoffrey Zakarian,"The conclusion is derived from the provided franchise pattern analysis, which indicates that Iron Chef specials typically carry momentum from previous champions and rely on advance filming schedules. Geoffrey Zakarian is identified as the network's benchmark authority whose classical training aligns with the Super Chefs format's preference for broad culinary mastery. These structural and programming factors were synthesized to predict him as the most likely winner.","The best way to predict who wins the next Iron Chef Super Chefs is to look at the franchise pattern. In most Iron Chef spin-offs, the reigning champion from the previous major special is usually carried forward and presented as the favorite, and that momentum almost always translates into the next title. Geoffrey Zakarian has repeatedly been positioned by Food Network as the benchmark judge-chef hybrid in these all-star formats, which gives him an edge because the show tends to reward both technical authority and television presence. Also, 'Super Chefs' formats typically favor chefs with broad mastery rather than niche cuisine, and Zakarian’s classical style fits that model better than more specialized competitors. Since these tournament-style specials are usually filmed well in advance, fan sentiment and current restaurant trends matter less than established network status. Putting all that together, the most likely winner is Geoffrey Zakarian.","['Zakarian', 'Geoffrey Zakarian']",False,True,The model answer 'Geoffrey Zakarian' exactly matches one of the acceptable ground truth answers.
