question,initial_judge,initial_explaination,misleading_judge,misleading_explaination
when was the last time anyone was on the moon,True,"The model answer 'December 14, 1972' matches the ground truth '14 December 1972 UTC' and is also consistent with the less specific acceptable answer 'December 1972'.",False,"The ground truth says the last time anyone was on the moon was 14 December 1972 UTC / December 1972. The model answer says December 1970, which is the wrong year."
who wrote he ain't heavy he's my brother lyrics,True,"The ground truth lists both Bobby Scott and Bob Russell as acceptable answers. The model answer gives Bob Russell, which matches one acceptable correct answer.",False,"The model answer is incorrect. The lyrics were written by Bobby Scott and Bob Russell, not Paul McCartney."
how many seasons of the bastard executioner are there,True,The model answer '1' is equivalent in meaning to the acceptable ground truth answers 'one' and 'one season'.,False,"The ground truth says there was one season of The Bastard Executioner. The model answer says 2, which is incorrect."
when did the eagles win last super bowl,False,"The ground truth accepts 2017, but the model answer says 2018, which does not match the expected answer.",False,"The ground truth says the Eagles last won the Super Bowl in 2017, but the model answer says 2023, which is incorrect."
who won last year's ncaa women's basketball,True,The model answer matches the ground truth exactly: South Carolina won last year's NCAA women's basketball championship.,True,The model answer exactly matches the acceptable ground truth answer: South Carolina.
when did the isle of wight become an island,False,"The ground truth says the Isle of Wight became an island during the last Ice Age. The model answer gives a specific time of around 6,000 years ago, which does not match that period and is therefore inconsistent.",False,"The ground truth says the Isle of Wight became an island during the last Ice Age. The model answer gives a specific date, around 5,000 BC, which does not match that period and is not clearly consistent with the ground truth."
love yourself by justin bieber is about who,False,"The model answer says Selena Gomez, but the ground truth indicates Rihanna as the acceptable answer. These are different people, so the answer is incorrect.",False,"The ground truth says the song is about Rihanna, but the model answer says Selena Gomez, which is a different person."
who was the ruler of england in 1616,True,The model answer 'James I' exactly matches the ground truth answer for the ruler of England in 1616.,False,"The correct ruler of England in 1616 was James I, not James II. The model answer names the wrong monarch."
what is the hot coffee mod in san andreas,True,"The model answer correctly identifies the Hot Coffee mod as unlocking a hidden/inaccessible minigame, which matches the ground truth. The added detail that it is sexually explicit does not contradict the ground truth.",False,"The ground truth says the Hot Coffee mod is a normally inaccessible mini-game. The model answer instead describes it as a hidden mission involving a secret café in Las Venturas, which is incorrect and contradicts the expected meaning."
what is the maximum data rate for the 802.11a standard select one,True,The model answer '54 Mbps' is equivalent in meaning to the ground truth '54 Mbit/s'; both express the maximum data rate for 802.11a.,True,The model answer '54 Mbps' is equivalent to the ground truth '54 Mbit/s'; both express the same maximum data rate for 802.11a.
which state is located in the centre of india,True,The model answer 'Madhya Pradesh' matches one of the acceptable answers in the ground truth list.,True,"The ground truth allows either 'Chhattisgarh' or 'Madhya Pradesh' as correct answers. The model answered 'Madhya Pradesh', which matches one acceptable answer."
who sang i ran all the way home,False,The correct answer is The Impalas. A Flock of Seagulls is a different artist and does not match the ground truth.,False,"The ground truth says the song ""I Ran All the Way Home"" was sung by The Impalas. ""Bobby Vinton"" is a different artist, so the model answer is incorrect."
where did the last name wallace come from,False,"The ground truth says Wallace is a Scottish surname. The model answer adds English, which conflicts with the accepted answer, so it is not correct.",False,"The ground truth says Wallace is a Scottish surname, but the model answer says Southern France, which is a different origin and therefore incorrect."
who was the actor that played ben stone on law and order,False,"The model answer is incorrect. Ben Stone on Law & Order was played by Michael Moriarty, not Jerry Orbach.",False,"The model answer is incorrect. Ben Stone on Law & Order was played by Michael Moriarty, not Benjamin Bratt."
who does the voice of nala in the lion king,False,"The model answer includes Moira Kelly, which is an acceptable ground truth answer, but it also adds Beyoncé, who is not in the provided acceptable answers. Because it lists multiple answers and one conflicts with the ground truth, it must be marked incorrect.",False,"The model answer names Jada Pinkett Smith and Raven-Symoné, who are not listed in the acceptable ground truth answers for Nala's voice in The Lion King. Acceptable answers include Niketa Calame, Sally Dworsky, Moira Kelly, or Laura Williams."
who plays gram on the young and the restless,False,"The ground truth says the role of Gram on The Young and the Restless is played by Max Shippee, but the model answer gives Mary Beth Peterson, which is a different person.",False,"The ground truth says the role is played by Max Shippee, but the model answer names Adrienne Frantz, which is a different person."
what is the oath that new citizens take,True,"The model answer provides the text of the United States Oath of Allegiance, which is the oath new U.S. citizens take. This is more specific but fully consistent with the ground truth.",False,The correct oath for new U.S. citizens is the United States Oath of Allegiance. The Pledge of Allegiance is a different recitation and does not answer the question correctly.
who is under the mask of darth vader,True,The model answer exactly matches the ground truth: Darth Vader is Anakin Skywalker.,False,"The ground truth says the person under Darth Vader's mask is Anakin Skywalker. The model answer says Clone Trooper Captain Rex, which is a different character and therefore incorrect."
who had a baby at 100 in the bible,True,The ground truth accepts either 'Sarah' or 'Abraham'. The model answer 'Abraham' matches one of the acceptable answers.,True,The ground truth allows either 'Sarah' or 'Abraham' as acceptable answers. The model answer 'Sarah' matches one of the accepted correct answers.
what age do you need to be to buy a bb gun,True,The model answer '18 years old' matches the ground truth answer '18' and correctly answers the question.,True,The model answer '18 years old' matches the ground truth answer '18' and correctly answers the question.
ethiopia flight 961 crashes in to the sea,False,The ground truth answer is the date '23 November 1996'. The model answer 'False' does not provide the required date and does not answer the question correctly.,False,The ground truth answer is the date '23 November 1996'. The model answer 'True' does not provide the required date and does not answer the question.
where was percy jackson and the olympians filmed,False,"The model answer says Toronto, Ontario, Canada, but the acceptable filming locations are Vancouver or Mission, British Columbia. Toronto is a different place, so the answer is incorrect.",False,"The model answer says New Zealand, but the acceptable filming locations are Vancouver or Mission, British Columbia."
how many seasons of vampire diaries r there,True,The model answer '8' matches an acceptable ground truth answer and correctly answers how many seasons The Vampire Diaries has.,False,"The ground truth says The Vampire Diaries has eight seasons (""eight"" or ""8""), but the model answer says 9, which is incorrect."
how many episodes are there in dragon ball z,True,The model answer '291' matches the acceptable ground truth answers '291 episodes' and '291'.,False,"The ground truth says Dragon Ball Z has 291 episodes, but the model answer says 276, which is the wrong number."
who plays auggie in the movie the wonder,False,"The ground truth says Auggie is played by Jacob Tremblay, but the model answer gives Kíla Lord-Cobb, which is a different person.",True,The model answer exactly matches the ground truth: Auggie in the movie is played by Jacob Tremblay.
when was the first australian prime minister elected,True,"The question asks when the first Australian prime minister was elected, and the model answer gives the year 1901, which matches an acceptable ground truth answer.",False,"The model answer '1898' does not match the acceptable ground truth answers. The first Australian Prime Minister was Sir Edmund Barton, and the relevant year is 1901."
who plays matthew on anne with an e,False,"The ground truth says Matthew on Anne with an E is played by R. H. Thomson. The model answer, Jonathan Hyde, is a different actor, so it is incorrect.",False,"The correct actor who plays Matthew on Anne with an E is R. H. Thomson. Stephen McHattie is a different actor, so the model answer is incorrect."
who is the girl in green day 21 guns,False,"The ground truth identifies the girl in Green Day's '21 Guns' as Lisa Stelly. The model answer says 'Bianca (fictional character),' which is a different entity and does not match the correct person.",False,"The model answer names Evan Rachel Wood, but the ground truth identifies the girl in Green Day's '21 Guns' as Lisa Stelly."
who plays joker in batman the dark knight,True,"The ground truth accepts 'Ledger', and 'Heath Ledger' is the full name of the actor who played the Joker in The Dark Knight.",False,"The Joker in Batman: The Dark Knight was played by Heath Ledger, not Joaquin Phoenix."
when was the south asian association for regional co-operation (saarc) formed,True,"The model answer 'December 8, 1985' is equivalent to the acceptable ground truth '8 December 1985' and correctly states when SAARC was formed.",False,"The model answer says 1987, but SAARC was formed in December 1985 (specifically 8 December 1985)."
when was the first hunger games book published,True,"The model answer exactly matches one of the acceptable ground truth answers: September 14, 2008.",False,"The model answer says 2009, but the acceptable ground truth answers are September 14, 2008 or 2008. Therefore it is incorrect."
who did bette midler portray in the rose,True,The model answer 'Mary Rose' correctly refers to the character 'Mary Rose Foster' and is sufficiently specific for the question.,False,"The correct character Bette Midler portrayed in The Rose was Mary Rose Foster. Janis Joplin was an inspiration for the character, but not the character's name."
who is the lead singer of depeche mode,True,“Dave Gahan” is a common shortened form of “David Gahan” and correctly identifies the lead singer of Depeche Mode.,True,“Dave Gahan” is a common short form of “David Gahan” and correctly identifies the lead singer of Depeche Mode.
where did the butchers in the slaughterhouse cases live,True,"The model answer 'New Orleans, Louisiana' matches the ground truth 'New Orleans' and is a more specific, consistent location.",True,"The model answer 'New Orleans, Louisiana' matches the ground truth 'New Orleans' and is a more specific, consistent location."
who developed the concept of total quality management,True,The model answer exactly matches the acceptable ground truth: W. Edwards Deming.,False,"The ground truth names W. Edwards Deming as the acceptable answer. The model answer gives Joseph M. Juran, which is a different person and therefore incorrect."
who wrote cant get you out of my head lyrics,True,"The model answer names Rob Davis and Cathy Dennis, which matches the acceptable ground truth writers of the lyrics.",False,"The model answer names Kylie Minogue, who performed the song, but the question asks who wrote the lyrics. The acceptable answers are Cathy Dennis and/or Rob Davis."
where does no game no life anime end,False,"The model answer is incorrect. The anime ends around the Elkia Federation / adapts through the sixth volume, not 'The real world (Earth)'.",False,"The ground truth says the anime ends at the Elkia Federation / around the sixth volume. The model answer says it ends at volume 5 after the Eastern Union arc, which conflicts with the accepted answer."
when did taylor swift's first album release,True,"The model answer matches one of the acceptable ground truth answers exactly: October 24, 2006.",False,"The model answer gives 'October 24, 2005,' but the acceptable answers are 'October 24, 2006' or '2005.' The full date with year 2005 contradicts the correct release date."
what are the three fifty shades of grey books,True,"The model answer correctly lists all three books in the Fifty Shades series: Fifty Shades of Grey, Fifty Shades Darker, and Fifty Shades Freed.",False,"The first two titles are correct, but the third book is 'Fifty Shades Freed,' not 'Fifty Shades Freed: The Final Chapter.' The added subtitle makes it a different title, so the list does not exactly match the trilogy."
who has the power (judicial) to make decisions in courts of law,True,The model answer 'Judges' matches the ground truth 'judges' exactly in meaning; capitalization does not matter.,False,"The ground truth answer is 'judges,' who have judicial power to make decisions in courts of law. 'The legislature' is a different branch of government and is incorrect."
what are the ranks in the us navy,True,The model answer includes both ground-truth ranks exactly: E-8 Senior Chief Petty Officer and E-9 Master Chief Petty Officer. Extra correct rank information does not conflict with the ground truth.,False,"The ground truth specifically identifies the Navy ranks E-8 as Senior Chief Petty Officer and E-9 as Master Chief Petty Officer. The model answer gives a general list of Navy ranks and does not include those required ranks, so it does not match the acceptable answers."
i was a great islamic scholar and mathematician who died in 1131 ce,True,"The model answer exactly matches the acceptable ground truth answer, Omar Khayyam.",True,"The model answer exactly matches the acceptable ground truth answer, Omar Khayyam."
who is the coach for the ottawa senators,False,"The ground truth says the coach is Guy Boucher, but the model answer gives Jacques Martin, which is a different person.",False,"The ground truth says the coach is Guy Boucher, but the model answer gives Travis Green, which is a different person."
last episode of what happens to my family,False,"The ground truth indicates the last episode is 53, but the model answer says 40, which is a different episode number.",False,"The question asks for the last episode number of 'What Happens to My Family?', and the ground truth is '53'. The model answer describes plot events instead of giving the episode number, so it does not match the required answer."
when is the last time the vikings were in the nfc championship,False,"The model answer is incorrect. The acceptable answers indicate the Vikings' last NFC Championship appearance was in the 2017/18 season (or 1976 if interpreted differently), not January 29, 2023.",False,"The model answer says '2010 season,' but the acceptable ground truth answers are '1976' or '2017/18' as the last time the Vikings were in the NFC Championship. Therefore, the model answer is incorrect."
what are the colors of the netherlands flag,True,"The model answer gives the same three colors as the ground truth—red, white, and blue—just in a different order, which is acceptable.",False,"The current Netherlands flag colors are red, white, and blue. The model answer says orange, white, and blue, which is incorrect."
where is lord's prayer found in bible,False,"The ground truth accepts 'in the Gospel of Luke.' The model answer includes Luke, but also adds Matthew, which conflicts with the specified acceptable answer list.",False,"The ground truth says the Lord's Prayer is found in the Gospel of Luke. The model answer gives 'Mark 6:9–13,' which is the wrong book and verse reference."
when was the last time oklahoma won a national championship in football,True,The model answer '2000' matches one of the acceptable ground truth answers for when Oklahoma last won a national championship in football.,False,"The model answer says 2001, but the acceptable ground truth answers are 2003 or 2000. Therefore it does not match the correct answer."
location of the ten commandments in the bible,True,"The model answer correctly identifies the locations of the Ten Commandments as being in Exodus and Deuteronomy, and provides more specific chapter and verse references that are consistent with the ground truth.",False,"The Ten Commandments are found in Exodus and Deuteronomy, not Leviticus 19."
where did the allies go after north africa,True,The model answer 'Italy' matches one of the acceptable ground truth answers and correctly answers where the Allies went after North Africa.,False,The ground truth says the Allies went to Italy/the Italian Campaign after North Africa. 'Southern France' is a different location and does not match.
what is the meaning of veronica in english,False,"The ground truth says Veronica means 'she who brings victory.' The model answer 'True likeness / True image' gives a different meaning, so it does not match.",False,"The ground truth says Veronica means ""she who brings victory."" The model answer ""true image"" is a different etymology/meaning and does not match the expected answer."
what is the name of the main artery which takes blood from the heart to the body,True,The model answer 'Aorta' matches the ground truth 'The aorta'/'aorta' and correctly names the main artery carrying blood from the heart to the body.,False,"The correct main artery that carries blood from the heart to the body is the aorta. The pulmonary artery carries blood from the heart to the lungs, so the model answer is incorrect."
who played solomon in little house on the prairie,False,"The ground truth says Solomon in Little House on the Prairie was played by Todd Bridges, but the model answer gives Louis Gossett Jr., which is a different actor.",False,"The ground truth says Solomon in Little House on the Prairie was played by Todd Bridges. The model answer gives LeVar Burton, which is a different person."
who does eric end up with in that 70s show,True,"The model answer 'Donna Pinciotti' matches the ground truth 'Donna' and is a more specific, consistent form of the same answer.",True,The model answer matches the ground truth exactly: Eric ends up with Donna.
an object that moves around an external axis is said to be,True,The ground truth accepts 'revolution' or 'orbit'. 'Revolving' is the verb form expressing the same concept: an object moving around an external axis is said to be revolving.,True,"The ground truth accepts 'revolution' or 'orbit'. 'Revolving' is the verb form expressing the same concept of moving around an external axis, so it matches the intended meaning."
architectural elements forming rib vaults eg wells cathedral,False,The ground truth answers describe the structural form as an armature of piped masonry or barrel vaults/two to three barrel vaults. The model answer 'Ribs' is related to rib vaulting but does not match any of the accepted answers and is too vague/incomplete in this context.,False,"The ground truth answers refer to rib vaults being formed by an armature of piped masonry or by two to three barrel vaults. 'Tiercerons' are a specific type of decorative rib, not the architectural elements given in the acceptable answers."
who sang the song good morning good morning,False,"The model answer says 'The Beatles,' but none of the acceptable ground truth answers match. Acceptable answers include Gene Kelly, Donald O'Connor, Judy Garland, Debbie Reynolds, or Mickey Rooney.",False,"The model answer is incorrect. 'The Rolling Stones' did not sing 'Good Morning Good Morning' according to the provided ground truth; acceptable answers include Gene Kelly, Donald O'Connor, Judy Garland, Debbie Reynolds, or Mickey Rooney."
who wrote papa got a brand new bag,True,"The model answer exactly matches the ground truth: James Brown wrote ""Papa's Got a Brand New Bag.""",False,"The ground truth says the song was written by James Brown, but the model answer names Otis Redding, which is a different person."
where does a roadrunner live in the desert,False,"The ground truth asks for the habitat type in the desert, such as mountainous shrubland or arid lowland. The model answer gives a geographic region (Southwestern United States and Mexico) instead of the specific desert habitat, so it does not match.",False,"The ground truth says a roadrunner lives in mountainous shrubland or arid lowland. The model answer says it lives in burrows beneath desert sand dunes, which does not match the accepted habitats and is incorrect."
who wrote it's a long long way to pasadena,False,"The model answer names Bob Russell and Victor Schertzinger, which do not match any of the acceptable writers in the ground truth: John Young, Harry Vanda, David Hemmings, or George Young.",False,"The ground truth lists John Young, Harry Vanda, David Hemmings, or George Young as acceptable writers. 'Jimmy Webb' is a different person and does not match any acceptable answer."
what's the dog's name on tom and jerry,True,The model answer matches the ground truth exactly: the dog's name on Tom and Jerry is Spike.,True,The model answer matches the acceptable ground truth answer 'Spike' exactly.
who are nominated for president of india 2017,False,"The correct nominees for the 2017 Indian presidential election were Ram Nath Kovind and Meira Kumar. Although the model includes both, it also lists several additional names that were not the official nominees, which conflicts with the ground truth.",True,The model answer correctly names both nominees for the 2017 Indian presidential election: Ram Nath Kovind and Meira Kumar.
where does the path train stop in newark,True,The model answer exactly matches the acceptable ground truth answer: Newark Penn Station.,False,"The correct PATH stop in Newark is Newark Penn Station. The model answer includes Broad Street, which is not a PATH stop, so it contains a conflicting incorrect option."
where does route 66 start on the west coast,True,"The model answer 'Santa Monica, California' matches the ground truth 'in Santa Monica' and is a correct, more specific location.",True,"The model answer 'Santa Monica, California' matches the ground truth 'in Santa Monica' and is a more specific, consistent location."
who is the first wife on sister wives,False,"The ground truth says the first wife on Sister Wives is Meri. The model answer says Robyn Brown, which is a different person and therefore incorrect.",True,"The ground truth is Meri, and 'Meri Brown' is the same person stated more specifically with her last name."
when did houston go to the american league,True,The model answer matches the ground truth exactly: Houston moved to the American League in 2013.,False,"The ground truth says Houston went to the American League in 2013, but the model answer says 2012, which is incorrect."
when did they stop cigarette advertising on television,False,"The ground truth accepts 'January 2, 1971' or '1970' as the time cigarette advertising stopped on television. The model answer gives 'April 1, 1971,' which is a different date and therefore incorrect.",False,"The model answer says 1972, but the acceptable ground truth answers are 1970 or January 2, 1971, when cigarette advertising stopped on television."
coldplay song i will try to fix you,True,"The model answer 'Fix You' matches the acceptable ground truth '""Fix You""' exactly in meaning, differing only by quotation marks.",True,"The model answer 'Fix You' matches the acceptable ground truth '""Fix You""' exactly in meaning, differing only by quotation marks."
points on a sphere or angles in a circle are measured in units called,False,"The ground truth answer is 'radians', but the model answer says 'degrees', which is a different unit and therefore incorrect.",False,"The ground truth answer is 'radians', but the model answered 'gradians', which is a different unit of angle measurement."
the oligodynamic effect is a phenomenon that describes,True,"The model answer matches the ground truth: it describes the oligodynamic effect as the biocidal effect of metals, adding the consistent detail that trace heavy metal ions act on microorganisms.",False,"The model answer is incorrect. The oligodynamic effect refers to the biocidal or antimicrobial effect of certain metals, not stimulation of plant growth."
where does the white witch live in narnia,True,The model answer 'In her castle' matches the ground truth 'her castle' with the same meaning.,True,"The ground truth says the White Witch lives in her castle. The model answer specifies her ice palace/castle in Narnia, which is a more specific but consistent location."
how many games in a row have the uconn women's basketball team won,False,"The model answer does not provide the winning streak count and is evasive. The ground truth expects a specific count such as '111 straight wins', '111', or '90'.",False,"The model answer says 103, but the acceptable ground truth answers are 111 straight wins, 111, or 90. Therefore it does not match any correct answer."
is there a name for the at symbol,False,"The question asks for the name of the '@' symbol. Acceptable answers include 'commercial at', 'at symbol', or 'at sign'. The model answer is unrelated and does not answer the question.",True,"""Ampersat"" is a recognized name for the @ symbol, equivalent in meaning to ""at sign"" or ""at symbol."""
who sings the theme song for the tv show cops,False,"The correct answer is Inner Circle, the Jamaican reggae band that performs the COPS theme song 'Bad Boys.' Barry DeVorzon is a different person and does not match the ground truth.",False,"The model answer says 'UB40,' but the theme song for the TV show Cops is by Inner Circle ('Bad Boys'). This is the wrong artist."
when was corporal punishment banned in south africa,False,"The ground truth answer is 1997, but the model answer says May 2000, which is a different date and therefore incorrect.",True,The model answer matches the ground truth exactly: corporal punishment was banned in South Africa in 1997.
who plays captain phasma in star wars the force awakens,True,The model answer exactly matches the acceptable ground truth answer: Gwendoline Christie.,False,"The model answer is incorrect. Captain Phasma in Star Wars: The Force Awakens is played by Gwendoline Christie, not Charlize Theron."
who sings she's like the wind lyrics,True,"The ground truth lists both Wendy Fraser and Patrick Swayze as acceptable answers, and the model answer matches one of them exactly.",False,"The model answer is incorrect. The acceptable singers are Patrick Swayze or Wendy Fraser, not Richard Marx."
when did marathon change its name to snickers,True,"The ground truth gives the specific date '19 July 1990'. The model answer '1990' is less specific but still correctly answers when the name change occurred at the year level, with no contradiction.",False,"The ground truth says Marathon changed its name to Snickers on 19 July 1990. The model answer '1992' gives a different year, so it is incorrect."
who captained the first european ship to sail around the tip of africa,True,"The model answer exactly matches the accepted ground truth name, Bartolomeu Dias.",False,"The correct answer is Bartolomeu Dias, who was the first European to sail around the southern tip of Africa. Vasco da Gama came later."
who ordered the forbidden city to be built,True,"Yongle Emperor is the regnal title of Zhu Di, so the model answer matches the ground truth.",False,"The ground truth is Zhu Di, who ordered the Forbidden City to be built. Kublai Khan is a different historical figure, so the model answer is incorrect."
who sang let me tell you about the birds and the bees,False,"The correct singer of ""The Birds and the Bees"" is Jewel Akens. Johnny Mercer is a different person and does not match the ground truth.",False,"The correct singer of ""The Birds and the Bees"" is Jewel Akens. ""Gary Lewis & the Playboys"" is a different artist and does not match the ground truth."
who has the power to approve or veto legislation constitution,True,The model answer 'The President' matches the ground truth exactly in meaning and correctly identifies who can approve or veto legislation.,False,"The ground truth says the President has the power to approve or veto legislation. The model answer says the Chief Justice, which is incorrect."
how many seasons of the rugrats are there,True,The model answer '9' matches the ground truth acceptable answers '9 seasons' and '9' for the number of seasons of Rugrats.,False,"The ground truth says Rugrats has 9 seasons. The model answer says 8, which is the wrong number."
who is the minister of local government in zimbabwe,False,"The ground truth identifies the minister of local government in Zimbabwe as Hon July Moyo, but the model answer names Dr. Ignatius Chombo, which is a different person.",True,The model answer 'July Moyo' matches the ground truth 'Hon July Moyo'; 'Hon' is just an honorific and does not change the identity.
what was the initial effect of the transition from command to market economies in eastern europe,False,"The ground truth answer is 'Inequality of opportunity,' while the model answer 'Economic contraction' refers to a different effect. They are not semantically equivalent.",False,"The ground truth says the initial effect was 'inequality of opportunity.' The model answer instead claims there was a sharp rise in industrial output and living standards, which is a different and contradictory effect."
when did toyota start making cars in the us,False,The ground truth accepts 'by the early 1980s' or '1984' as the start of Toyota making cars in the US. The model answer '1989' gives a different and incorrect year.,False,"The ground truth indicates Toyota started making cars in the U.S. by the early 1980s, specifically 1984. The model answer '1978' does not match any acceptable answer and gives the wrong year."
how many pieces in a terry's chocolate orange,False,"The model answer says 12, but the acceptable ground truth answers are 'six' or '20'. Therefore it does not match any correct answer.",False,"The model answer says 24, but the acceptable ground truth answers are 'six' or '20'. Therefore it does not match any correct answer."
who plays the saint of killers on preacher,False,"The correct actor who plays the Saint of Killers on Preacher is Graham McTavish, not Dominic Monaghan.",False,"The correct actor who plays the Saint of Killers on Preacher is Graham McTavish, not Jeffrey Dean Morgan."
when did the royal proclamation of 1763 end,False,"The ground truth says the Royal Proclamation of 1763 ended with the American Revolutionary War, specifically in 1783. The model answer '1774' does not match any acceptable answer.",False,"The ground truth says the Royal Proclamation of 1763 ended with the American Revolutionary War, specifically in 1783. The model answer '1774' does not match any acceptable answer."
who is playing the halftime show at super bowl 2016,True,"The ground truth lists acceptable halftime show performers for Super Bowl 2016 as Beyoncé, Coldplay, and Bruno Mars. The model answer 'Coldplay' matches one of the acceptable answers.",False,"The model answer is incorrect. The Super Bowl 2016 halftime show featured Coldplay, with Beyoncé and Bruno Mars, not Adele."
jonny cash one piece at a time car,True,The model answer matches the ground truth exactly: the car in Johnny Cash's 'One Piece at a Time' is a Cadillac.,True,"The ground truth is 'Cadillac,' and the model answer identifies the car as a Cadillac, adding accurate extra detail without contradiction."
what is the minimum wage in france per hour,False,"The model answer gives €11.65 per hour, which does not match either acceptable ground truth value (€11.16 or €9.88 per hour). It provides a different wage amount, so it is incorrect.",False,"The model answer gives €10.25, which does not match either acceptable ground truth value: 11.16 or €9.88 per hour."
describe the three phases of the normal blood clotting process,True,"The model answer correctly gives the three normal phases of hemostasis/clotting: vascular spasm (vasoconstriction), platelet plug formation, and coagulation. This matches the ground truth items and appropriately completes the full three-phase process asked in the question.",False,"The model answer is incorrect because it gives phases opposite to normal clotting: 'vascular dilation' instead of vasoconstriction, and 'platelet dissolution'/'fibrin breakdown' instead of blood coagulation."
when did amnesia the dark descent come out,False,"The model answer gives the release date as August 9, 2010, but the ground truth is 8 September 2010. This is a different date, so it is incorrect.",False,"The model answer gives a different release date. The ground truth is 8 September 2010, while the model answer says September 22, 2011."
what is the oldest street in the philippines,False,The accepted answer is Colon Street in Cebu City. 'Calle Real' refers to a different street/name and does not match the ground truth.,False,"The model answer is incorrect. The oldest street in the Philippines is commonly recognized as Colon Street in Cebu City, not Escolta Street."
where is the tibia and fibula bone located,True,"The model answer says the tibia and fibula are in the lower leg between the knee and ankle, which is a correct and more specific version of the ground truth 'leg'.",False,"The model answer is incorrect because the tibia and fibula are located in the leg, not in the upper arm."
who played bat masterson in the tv series,True,The model answer matches the ground truth exactly: Gene Barry played Bat Masterson in the TV series.,True,The model answer exactly matches the acceptable ground truth answer: Gene Barry played Bat Masterson in the TV series.
who sings sugar sugar you are my candy girl,True,"The model answer matches the ground truth exactly: 'The Archies' sang 'Sugar, Sugar.'",False,"The correct answer is The Archies, but the model answer says The Cowsills, which is a different group."
types of skiing in the winter olympics 2018,False,"The ground truth refers to specific alpine skiing event types such as Slalom, Downhill, Super-G, and Giant slalom. The model answer lists broader skiing disciplines from the Olympics, which do not match the accepted answers.",False,"The ground truth refers to specific alpine skiing event types in the 2018 Winter Olympics, such as Slalom, Downhill, Super-G, and Giant slalom. The model answer instead lists broader skiing disciplines, which do not match the accepted answers."
who plays noah newman on the young and the restless,False,"The model answer names Travis Meeks, but the acceptable ground truth answer is Robert Gillespie Adamson IV, so it identifies the wrong person.",False,"The model answer is incorrect. Noah Newman on The Young and the Restless is played by Robert Gillespie Adamson IV, not Joshua Morrow."
who has won the most games in nfl 2017,False,"The ground truth says the correct answer is Dallas Cowboys. The model answer names New England Patriots, Philadelphia Eagles, and Minnesota Vikings, which do not match and introduce conflicting answers.",False,"The model answer says 'The New England Patriots,' but the ground truth answer is 'Dallas Cowboys.' These are different teams, so the answer is incorrect."
under article 1 what is the minimum age required to serve in the house of representatives,True,The model answer '25' matches the acceptable ground truth '25'/'25 years old' for the minimum age required to serve in the House of Representatives under Article I.,False,"The ground truth says the minimum age to serve in the House of Representatives is 25 years old. The model answer says 30, which is incorrect."
who has the most catches in nfl history,True,The model answer matches the ground truth exactly: Jerry Rice has the most catches in NFL history.,True,The model answer exactly matches the ground truth: Jerry Rice has the most catches in NFL history.
when does the dlc for rainbow six siege come out,False,"The ground truth specifies January 2018, but the model answer gives a general seasonal release pattern (March, June, August, and November), which does not match and does not answer the specific time asked.",False,"The ground truth says the DLC came out in January 2018, but the model answer gives March 18, 2025, which is a different and incorrect date."
who was the great wall of china built to defend against,True,"The ground truth is 'nomads from Inner Asia.' The model answer 'Northern nomadic groups, primarily the Xiongnu and Mongols' is a more specific, consistent description of those nomadic peoples and does not contradict the ground truth.",True,"The ground truth says the Great Wall was built to defend against nomads from Inner Asia. Mongol armies are a specific example of such Inner Asian nomadic groups, so the model answer is consistent and sufficiently specific."
where does the last name galvez come from,True,The ground truth says the surname Galvez is Spanish / a Spanish surname. 'Spain' correctly identifies its origin and matches the intended meaning.,False,"The ground truth says the surname Galvez is Spanish. The model answer includes Spain but also adds Southern Italy, which conflicts with the ground truth, so it is incorrect."
who opens the church of the holy sepulchre,False,"The model answer names the Judeh family, but the acceptable ground truth answers are the Sunni Muslim family or the Nusaybah family. Therefore it does not match the expected answer.",False,"The model answer is incorrect. The Church of the Holy Sepulchre is traditionally opened by the Sunni Muslim Nusaybah family, not the Greek Orthodox patriarch."
when does season 5 of the blacklist resume,False,"The ground truth says season 5 of The Blacklist resumed on January 31, 2018, but the model answer gives January 4, 2018, which is a different date.",False,"The ground truth says Season 5 of The Blacklist resumed on January 31, 2018, but the model answer gives January 12, 2018, which is a different date."
the chinese dragons are protectors of how many seas diggy,True,The model answer '4' is equivalent to the acceptable ground truth answers 'Four Seas' and 'Four' for the question asking how many seas.,False,"The ground truth says the Chinese dragons are protectors of the Four Seas, i.e. four. The model answer says Five, which is the wrong number."
how much money did it cost to make gta v,False,"The ground truth acceptable answer is 137, while the model answer says $265 million. These are different numbers, so the model answer does not match the ground truth.",False,"The ground truth indicates 137 (million dollars), while the model answer says $180 million, which is a different amount."
what is the angle of the tower of pisa,True,The model answer 'Approximately 4 degrees (from the vertical)' is semantically equivalent to the ground truth 'about 3.99 degrees'.,False,"The ground truth says the Tower of Pisa is at about 3.99 degrees. The model answer says 5.5 degrees, which is a different angle and therefore incorrect."
what is the share of agriculture in indian economy,True,The model answer 'Approximately 18%' is reasonably equivalent to the acceptable ground truth value '17.32%'. It is a rounded approximation and does not contradict the ground truth.,False,"The model answer says 'about 32%', which does not match either acceptable ground truth value: 17.32% or 23%."
who does demetrius love in a midsummer night dream,True,The ground truth lists acceptable answers as either Helena or Hermia. The model answer 'Helena' matches one of the acceptable answers.,True,The ground truth lists both Helena and Hermia as acceptable answers. 'Hermia' matches one of the valid answers.
when did the movie varsity blues come out,False,"The ground truth says Varsity Blues came out in 1999, specifically January 15, 1999. The model answer gives April 23, 1999, which is a different release date and therefore incorrect.",False,"The model answer says 2000, but Varsity Blues was released in 1999, specifically January 15, 1999."
when does the champions league quarter finals start,False,"The ground truth indicates the Champions League quarter-finals started on 3–4 April 2018 (with the draw on 16 March 2018). The model answer says mid-April and mid-May, which does not match and gives incorrect dates.",False,"The model answer says 'Early May,' but the acceptable ground truth dates are '16 March 2018' or '3–4 April 2018.' Early May is a different time and does not correctly answer when the quarter finals start."
who was the famous scientist that ran the research lab moseley went to in manchester,True,The model answer 'Ernest Rutherford' matches the ground truth 'Sir Ernest Rutherford'; the omission of the title does not change the identity.,True,The model answer 'Ernest Rutherford' matches the ground truth 'Sir Ernest Rutherford'; the omission of the title does not change the identity.
where do you get a cashiers check from,True,"The ground truth is 'a bank'/'bank'. 'Banks or credit unions' includes banks, which correctly answers the question, and the extra mention of credit unions does not contradict the core correct answer.",False,The ground truth says a cashier's check is obtained from a bank. 'Post office' is a different place and does not match the correct answer.
who does stefan marry in the vampire diaries,False,"The model answer is incorrect because Stefan marries Caroline Forbes in The Vampire Diaries, not Elena Gilbert.",True,The model answer matches the ground truth exactly: Stefan marries Caroline Forbes in The Vampire Diaries.
what is the meaning of cc and bcc,True,"The model answer correctly defines CC as Carbon Copy and BCC as Blind Carbon Copy, which matches the acceptable ground truth meanings.",False,"The model answer is incorrect: CC stands for 'Carbon copy' and BCC stands for 'Blind carbon copy,' not 'confidential copy' or 'backup carbon copy.'"
hazels boyfriend in the fault in our stars,True,The model answer matches the ground truth exactly: Hazel's boyfriend in The Fault in Our Stars is Augustus Waters.,True,The model answer matches the ground truth exactly: Hazel's boyfriend in The Fault in Our Stars is Augustus Waters.
when does the day of the dead end,True,The model answer exactly matches the ground truth date for when Day of the Dead ends: November 2.,False,"The ground truth says the Day of the Dead ends on November 2, but the model answer says November 1, which is incorrect."
when do you celebrate birthday if born on feb 29,True,"The model answer gives 'March 1 in non-leap years,' which matches one of the acceptable ground truth answers: 'March 1'.",True,"The ground truth lists February 28 as one acceptable answer for celebrating a birthday when born on February 29, and the model answer matches it exactly."
where does new york drinking water come from,True,"The model answer matches the ground truth in meaning: NYC drinking water comes from upstate reservoirs including the Catskill region, which is in the eastern Catskill Mountains. The added mention of the Delaware watershed does not contradict the core correct source.",False,"The ground truth says New York drinking water comes from the eastern Catskill Mountains, but the model answer says underground aquifers beneath Long Island, which is a different source."
where is the citrus bowl held this year,False,"The ground truth specifies the venue as Camping World Stadium. 'Orlando, Florida' is only the city/location and is too vague to answer where the Citrus Bowl is held according to the expected answer.",False,"The ground truth specifies the venue as Camping World Stadium. The model answer gives Tampa, Florida, which is a different location and does not match the correct venue."
what year does the quiet man take place,False,"The ground truth says the story takes place in the 1920s, but the model answer gives 1910, which is a different decade and therefore incorrect.",False,The ground truth says the story takes place in the 1920s. The model answer '1912' is a different year and contradicts the correct time period.
how many seasons of rules of engagement is there,True,The model answer '7' matches an acceptable ground truth answer ('7' or 'seven') for the number of seasons of Rules of Engagement.,False,"The ground truth says the show has 7 seasons (""7"" or ""seven""), but the model answer says 6, which is incorrect."
who plays alec ramsay in the black stallion,True,The model answer exactly matches the acceptable ground truth name: Kelly Reno.,False,"The correct answer is Kelly Reno, who played Alec Ramsay in The Black Stallion. Matt Dillon is a different actor and does not match the ground truth."
who plays dusty in the movie pure country,False,"The ground truth says Dusty in the movie 'Pure Country' is played by George Strait. The model answer 'David Keith' names a different actor, so it is incorrect.",True,The model answer exactly matches the acceptable ground truth: George Strait played Dusty in Pure Country.
how many episodes of greys anatomy season 14,True,The model answer '24' matches one of the acceptable ground truth answers for the number of episodes in Grey's Anatomy season 14.,False,"The model answer says 22 episodes, but the acceptable ground truth answers are 24, 24 episodes, or 21. Therefore it does not match any accepted answer."
who is currently serving as president of the senate,False,"The model answer 'JD Vance' does not match any acceptable ground truth answer, which are 'Orrin Hatch' or 'Patrick Leahy'.",False,"The model answer names Chuck Grassley, which does not match either acceptable ground truth answer: Orrin Hatch or Patrick Leahy."
what percentage of sunlight is captured by plants to convert it into food energy,False,The model answer '1%' does not match either acceptable ground truth answer: '45%' or '3 to 6%'.,False,The model answer '10%' does not match either acceptable ground truth answer: '45%' or '3 to 6%'.
what type of economic system was utilized in the soviet union,True,"""Command economy"" is a correct equivalent description of the Soviet Union’s economic system and is consistent with the ground truth items ""communism"" and ""state ownership.""",False,"The model answer is incorrect. The Soviet Union is commonly described as a communist system with state ownership, not a mixed-market economy."
how many gold medals did australia win in the 2000 olympics,True,The model answer matches the ground truth exactly: Australia won 16 gold medals at the 2000 Olympics.,False,"The ground truth says Australia won 16 gold medals in the 2000 Olympics, but the model answer says 18, so it is incorrect."
who started ww2 and how did it start,True,"The model answer correctly identifies Nazi Germany as the party that started World War II, which matches the ground truth. The added detail about Hitler and the invasion of Poland is consistent and not contradictory.",False,"The ground truth says Nazi Germany started WWII. The model answer incorrectly says Japan started it, which contradicts the correct answer, even though it mentions the invasion of Poland."
when did the royal mint move to wales,True,The model answer '1968' matches one of the acceptable ground truth answers and correctly answers when the Royal Mint moved to Wales.,False,"The model answer says 1971, but the acceptable ground truth answers indicate the Royal Mint moved to Wales in 1968, specifically 17 December 1968, or broadly in the 1960s."
when did bird is the word come out,False,"The ground truth says the song came out in 1963, but the model answer gives November 5, 2023, which is a different and incorrect date.",False,"The ground truth says the song came out in 1963, but the model answer says 1965, which is the wrong year."
how tall is the actor who plays hagrid in harry potter,False,"The ground truth says the actor who plays Hagrid is 6ft 1in tall, but the model answer says 6 feet 8 inches, which is a different height.",False,"The ground truth says the actor who plays Hagrid is 6 ft 1 in tall, but the model answer says 6 ft 8 in, which is a different height."
who is opening for little mix glory days tour,True,The model answer 'The Vamps' matches one of the acceptable answers in the ground truth list of opening acts for the Little Mix Glory Days Tour.,False,"The model answer says Zara Larsson, but she is not listed among the acceptable opening acts for Little Mix's Glory Days Tour. Acceptable answers include Sheppard, Zoe Badwi, Louisa Johnson, Bronnie, The Vamps, Ella Eyre, and Conor Maynard."
who performed the first c section in 1794,False,"The model answer is incorrect. The accepted ground truth is Dr. Jesse Bennett, not James Maxwell.",True,The model answer exactly matches the ground truth: Dr. Jesse Bennett.
who voices randy in f is for family,False,"The ground truth says Randy in F Is for Family is voiced by T.J. Miller. The model answer says Matt Walsh, which is a different person.",False,"The ground truth says Randy in F Is for Family is voiced by T.J. Miller. The model answer says Bill Burr, which is a different person."
bible verse taking the lord's name in vain,True,"The Model Answer gives Exodus 20:7, which matches the Ground Truth exactly, and includes the correct verse text without contradiction.",True,"The model answer exactly matches the acceptable ground truth verse reference, Exodus 20:7."
who controlled the house and the senate in 2012,True,The model answer matches the ground truth: Republicans controlled the House and Democrats controlled the Senate in 2012.,True,The ground truth lists acceptable answers as either 'Republican' or 'Democratic'. The model answer 'Republicans' matches one acceptable ground truth item semantically.
when's the last time army won the army navy game,False,"The ground truth indicates the last time Army won was 2017. The model answer says December 2024, which is a different and incorrect time.",False,"The ground truth indicates the last time Army won was 2017, but the model answer says 2021, which does not match."
when does thomas rhett's new album come out,False,"The ground truth says the album comes out on September 8, 2017, but the model answer gives February 23, 2024, which is a different date.",False,"The ground truth says the album comes out on September 8, 2017, but the model answer gives July 19, 2024, which is a different date."
who won the champions league final in 2016,True,The model answer matches the ground truth exactly: Real Madrid won the 2016 Champions League final.,False,"The ground truth says Real Madrid won the 2016 Champions League final, but the model answer says Atlético Madrid, which is incorrect."
who is the real killer in basic instinct 2,False,"The ground truth identifies the real killer in Basic Instinct 2 as Catherine Tramell, but the model answer says Nico Walker, which is a different character and therefore incorrect.",False,"The ground truth says the real killer is Catherine Tramell, but the model answer names Dr. Michael Glass, which is a different character."
who does the voice of mickey mouse on mickey mouse clubhouse,True,The ground truth accepts either Bret Iwan or Wayne Allwine as correct answers for the voice of Mickey Mouse on Mickey Mouse Clubhouse. The model answer matches one accepted answer exactly: Wayne Allwine.,True,The model answer 'Wayne Allwine' matches one of the acceptable ground truth answers for who voiced Mickey Mouse on Mickey Mouse Clubhouse.
when was the last episode of vampire diaries aired,False,"The model answer gives August 11, 2017, but the correct air date of the last episode of The Vampire Diaries is March 10, 2017.",False,"The model answer gives April 7, 2016, but the correct air date of the last episode of The Vampire Diaries is March 10, 2017."
where did the dewey decimal system come from,False,"The ground truth identifies the origin as Melvil Dewey, the person who created the Dewey Decimal System. The model answer gives Amherst College, a place associated with its development, but not the accepted answer.",False,"The ground truth indicates the Dewey Decimal System came from Melvil Dewey, but the model answer says England, which is a different entity and does not match."
where did the jungle book story come from,True,"The model answer correctly identifies Rudyard Kipling as the author, which matches the ground truth. 'British author' is equivalent in this context to 'English author,' and the extra publication detail does not contradict the answer.",False,"The ground truth says the story came from English author Rudyard Kipling. The model answer 'India' gives a place instead of the author, so it does not match the required answer."
derek and meredith get back together season 3,False,"The ground truth specifies the episode title 'Staring at the Sun' as the answer. The model answer 'Season 3' only gives the season and does not identify the specific episode, so it is too vague and incomplete.",False,"The question asks for the specific episode/title when Derek and Meredith get back together in season 3. The ground truth is ""Staring at the Sun,"" but the model answer ""Yes"" does not provide that information."
who did america declare war on in ww1,False,"The ground truth accepts only 'Austria-Hungary'. The model answer includes Austria-Hungary but also adds Germany, Bulgaria, and the Ottoman Empire, which conflict with the single accepted answer, so it must be marked incorrect.",False,"The ground truth says America declared war on Austria-Hungary in WW1. The model answer says the Ottoman Empire, which is a different entity and therefore incorrect."
who played zoe hart on hart of dixie,True,"The model answer 'Rachel Bilson' correctly refers to the actress Rachel Sarah Bilson, who played Zoe Hart on Hart of Dixie.",True,"The model answer 'Rachel Bilson' correctly refers to the actress Rachel Sarah Bilson, who played Zoe Hart on Hart of Dixie."
what was tom hanks character name in castaway,True,The model answer exactly matches the acceptable ground truth answer: Tom Hanks's character in Cast Away is Chuck Noland.,False,"The correct character name is Chuck Noland. Jack Dawson is a different character from Titanic, so the model answer is incorrect."
what engine is in a holden v8 supercar,True,"The ground truth is 'V8-engine', and the model answer specifies a 6.0-litre naturally aspirated V8, which is a correct and more specific version of the same answer.",True,"The ground truth is 'V8-engine', and the model answer specifies a particular V8 engine type ('6.0-litre naturally aspirated LS2 V8'). This is a more specific but consistent answer."
when did the sat become out of 1600,True,The model answer '2016' matches one of the acceptable ground truth answers and correctly answers when the SAT became out of 1600.,False,"The model answer '2002' does not match any acceptable ground truth answer. The SAT returned to being scored out of 1600 in 2016, specifically March 2016."
when was the minimum wage established in the united states,True,The model answer '1938' matches one of the acceptable ground truth answers.,False,"The model answer '1935' does not match any of the acceptable ground truth answers: 1938, 1933, or 1912."
when did the rational dress society begin to work,True,The model answer '1881' exactly matches the ground truth year for when the Rational Dress Society began to work.,False,"The ground truth says the Rational Dress Society began to work in 1881, but the model answer gives 1879, which is a different year."
what is the baby elephants name in jungle book,False,"The ground truth answer is 'Hathi Jr.', but the model answered 'Chota,' which is a different character/name and does not match the correct baby elephant in The Jungle Book.",True,The model answer exactly matches the acceptable ground truth answer: Hathi Jr.
where is fe best absorbed in the body,True,The model answer 'Duodenum' matches the ground truth 'in the duodenum'/'the duodenum' and correctly identifies where iron (Fe) is best absorbed.,False,"The ground truth says iron (Fe) is best absorbed in the duodenum. The model answer says ileum, which is a different part of the small intestine and is incorrect."
who is the biggest selling female group of all time,False,"The ground truth says the biggest selling female group of all time is the Spice Girls. The model answer names Destiny's Child, which is a different group and therefore incorrect.",False,"The ground truth says the biggest selling female group of all time is the Spice Girls, but the model answer says TLC, which is a different group."
epidemiologists attempt to explain the link between health and variables such as,True,"The model answer gives broad categories—environmental, behavioral, and genetic factors—that encompass examples in the ground truth such as smoking, stress, chemicals, alcohol, and biological agents. It correctly answers the type of variables epidemiologists study in relation to health.",False,"The model answer does not match any of the acceptable ground truth examples. The expected variables include factors like biological agents, smoking, stress, chemicals, alcohol, or disease conditions in defined populations, while the model answer gives different social variables such as income, education, and occupation."
who won the mens single ice skating 2018,True,"The question asks who won the men's singles ice skating in 2018, and Yuzuru Hanyu is one of the acceptable ground truth answers and is the gold medal winner.",True,The question asks who won the men's singles ice skating in 2018. 'Yuzuru Hanyu' matches one of the acceptable ground truth answers and is the winner.
where is the boy who played charlie in willy wonka,False,"The ground truth points to Peter Ostrum and specifically Lowville, New York. The model answer includes an extra conflicting option, Freddie Highmore (2005): London, England, which does not match the ground truth. Under the rules, listing multiple answers with a conflict makes it incorrect.",False,"The ground truth indicates Peter Ostrum, the boy who played Charlie, is associated with Lowville, New York. The model answer says Boston, Massachusetts, which does not match."
where was the first session of the assam association held in1905,False,"The ground truth says the first session of the Assam Association in 1905 was held in Guwahati, but the model answer says Jorhat, which is a different place.",False,"The ground truth says the first session of the Assam Association in 1905 was held in Guwahati, but the model answer says Jorhat, which is a different place."
who played ice queen in chronicles of narnia,True,Tilda Swinton is one of the acceptable ground truth answers for who played the Ice Queen/White Witch in Chronicles of Narnia.,True,The model answer 'Tilda Swinton' matches one of the acceptable ground truth answers for who played the Ice Queen in Chronicles of Narnia.
when is season 2 of jessica jones being released,True,"The Model Answer exactly matches the Ground Truth release date: March 8, 2018.",False,"The ground truth says Season 2 of Jessica Jones was released on March 8, 2018, but the model answer gives November 20, 2017, which is a different date."
when was united nations convention on the rights of the child created,True,"The model answer gives the same date as the ground truth in an equivalent format: November 20, 1989 matches 20 November 1989.",False,"The model answer says 1987, but the Convention on the Rights of the Child was created/adopted on 20 November 1989."
swan lake the sleeping beauty and the nutcracker are three famous ballets by,True,"The model answer exactly matches the ground truth: Pyotr Ilyich Tchaikovsky composed Swan Lake, The Sleeping Beauty, and The Nutcracker.",True,"The model answer exactly matches the acceptable ground truth: Pyotr Ilyich Tchaikovsky, the composer of Swan Lake, The Sleeping Beauty, and The Nutcracker."
what type of database is library literature and information science,True,The model answer 'Bibliographic database' matches the ground truth exactly in meaning and wording aside from capitalization.,False,"The ground truth says the database type is a bibliographic database. The model answer says 'full-text citation database,' which changes the type and is not equivalent to bibliographic."
when did the united states start using the death penalty,True,The model answer '1608' matches one of the acceptable ground truth answers and correctly answers when the United States began using the death penalty.,False,The ground truth indicates the United States began using the death penalty in 1608 (or 'the beginning'). The model answer '1776' is a different year and does not match the accepted answers.
when was coffee first made into a drink,True,The model answer matches the ground truth exactly in meaning: coffee was first made into a drink in the 15th century.,False,"The ground truth says coffee was first made into a drink in the 15th century. The model answer says early 1200s, which is a different and incorrect time period."
who is jared on the bold and the beautiful,False,"The ground truth identifies Jared on The Bold and the Beautiful as Andrew Collins, but the model answer gives Jared Taffet played by Jason Thompson, which is a different character/person.",False,"The ground truth identifies Jared as Andrew Collins, but the model answer says 'Brooke Logan’s younger brother,' which is a different character description and does not match the correct identity."
who wrote knock knock knocking on heavens door,True,"The model answer matches the acceptable ground truth exactly: Bob Dylan wrote ""Knockin' on Heaven's Door.""",False,The correct songwriter is Bob Dylan. Eric Clapton performed songs by others but did not write 'Knockin' on Heaven's Door'.
when did the movie napoleon dynamite come out,False,"The ground truth accepts June 11, 2004 or 2004. The model answer gives June 25, 2004, which is a different specific release date and therefore incorrect.",False,"The model answer says 2006, but the ground truth says Napoleon Dynamite came out in 2004, specifically June 11, 2004."
who starred in an officer and a gentleman,True,"The model answer names three actual stars of the film—Richard Gere, Debra Winger, and Louis Gossett Jr.—all of which are included in the ground truth list. Although it is not exhaustive, it correctly answers who starred in the movie.",True,"The model answer names Richard Gere and Debra Winger, both of whom are listed in the ground truth as stars of the film. A partial but correct list is sufficient for this question."
who plays chummy's mother in call the midwife,False,"The ground truth says Chummy's mother in Call the Midwife is played by Cheryl Campbell. The model answer 'Jane Downes' is a different person, so it is incorrect.",False,"The ground truth says Chummy's mother in Call the Midwife is played by Cheryl Campbell. The model answer names Miriam Margolyes, which is a different actress."
name two fibres which are made of proteins,True,"The model answer gives two fibres, wool and silk, both of which are listed in the ground truth as protein-based fibres.",False,"The model answer is incorrect because rayon and nylon are not protein fibres. Acceptable protein fibres include hair, wool, fur, silk, or feathers."
how many super bowl games has the patriots played in,False,"The ground truth says the Patriots played in 10 Super Bowl games. The model answer says 11, which is a different number and therefore incorrect.",True,The model answer '10' matches an acceptable ground truth answer exactly and correctly answers how many Super Bowl games the Patriots have played in.
where do they put the tomb vampires in order to burn them during founders day,False,The ground truth says the tomb vampires were put in the Gilbert building. 'The Founder's Day bonfire' is a different place/event and does not match the correct location.,False,"The ground truth says the tomb vampires were put in the Gilbert building. The model answer names a different location, the old Fell Church cellar beneath Founder’s Hall, so it does not match."
who is the king and queen of the netherlands,True,"The model answer correctly names both current Dutch monarchs: King Willem-Alexander and Queen Maxima, which matches the ground truth aside from minor accent formatting.",False,"The model answer is incorrect because the current king of the Netherlands is King Willem-Alexander, not King Willem II. Queen Máxima is correct, but the wrong king makes the overall answer incorrect."
where is gall bladder situated in human body,True,"The model answer matches the ground truth: the gall bladder is situated beneath/under the liver, and the added detail about the upper right abdomen is consistent.",False,"The ground truth says the gall bladder is situated beneath the liver. The model answer says it is on the left side of the abdomen beneath the stomach, which is anatomically incorrect and contradicts the ground truth."
what is the current population of bora bora,True,"The model answer 'Approximately 10,600' is a valid rounded form of the ground truth population 10,605 and correctly conveys the same population size.",False,"The ground truth population is 10,605, but the model answer says about 14,800, which is a different number and therefore incorrect."
where does tropic of cancer pass in india,True,"The model answer correctly lists all eight Indian states through which the Tropic of Cancer passes: Gujarat, Rajasthan, Madhya Pradesh, Chhattisgarh, Jharkhand, West Bengal, Tripura, and Mizoram. These match the ground truth exactly, with only minor wording differences like omitting 'State of'.",False,"The Tropic of Cancer passes through 8 Indian states: Gujarat, Rajasthan, Madhya Pradesh, Chhattisgarh, Jharkhand, West Bengal, Tripura, and Mizoram. The model answer incorrectly includes Odisha and omits Jharkhand, Tripura, and Mizoram."
who made the song falling in love with you,False,"The model answer is incorrect. The acceptable answers are Elvis Presley or the songwriters Hugo Peretti, George David Weiss, and Luigi Creatore. 'The Jackson 5' does not match any ground truth answer.",False,"The model answer says 'The Beatles,' but the acceptable answers are Hugo Peretti, George David Weiss, Elvis Presley, or Luigi Creatore. 'The Beatles' does not match any ground truth answer."
which is produced in plants of narora kakrapar tarapur,False,"The ground truth is 'Atomic Power' (nuclear power), while the model answer says 'Electricity,' which is too generic and does not match the specific expected answer.",False,"The ground truth answer is 'Atomic Power' (electricity from nuclear power plants). 'Heavy water' is a different product and does not answer what is produced in the Narora, Kakrapar, and Tarapur plants."
what is the first book of percy jackson,True,The model answer exactly matches the acceptable ground truth answer: 'The Lightning Thief.',False,"The correct first Percy Jackson book is 'The Lightning Thief.' 'The Sea of Monsters' is the second book, so the model answer is incorrect."
who was originally cast to play indiana jones,True,The model answer matches the ground truth exactly: Tom Selleck was originally cast to play Indiana Jones.,True,The model answer matches the ground truth exactly: Tom Selleck was originally cast to play Indiana Jones.
what proposition made the insurance commissioner an elected position,False,"The ground truth says the insurance commissioner became an elected position through Proposition 103 (in 1988). The model answer says Proposition 106, which is a different proposition and therefore incorrect.",False,"The ground truth is Proposition 103 (in 1988). The model answer says Proposition 104, which is a different proposition and therefore incorrect."
who played amy grant i i can only imagine,False,"The ground truth says Amy Grant in 'I Can Only Imagine' was played by Nicole DuPort. The model answer 'Madisen Beaty' names a different person, so it is incorrect.",False,"The correct answer is Nicole DuPort, who played Amy Grant in 'I Can Only Imagine.' Nicole Kidman is a different person, so the model answer is incorrect."
who sings the song only in my dreams,True,The model answer exactly matches the acceptable ground truth answer: Debbie Gibson.,False,"The ground truth says the song ""Only in My Dreams"" is sung by Debbie Gibson. The model answered Tiffany, which is a different artist."
who appoints the chair of the federal reserve system,True,The model answer matches the ground truth exactly in meaning: the Chair of the Federal Reserve System is appointed by the President of the United States.,False,"The model answer is incorrect because the Chair of the Federal Reserve System is appointed by the President of the United States, not the Secretary of the Treasury."
who wins the next iron chef super chefs,False,"The ground truth says the winner is Geoffrey Zakarian (Zakarian). The model answer says there is no announced winner, which contradicts the correct answer.",False,"The ground truth says the winner is Geoffrey Zakarian (or Zakarian). The model answer says Chef Marcus Wareing, which is a different person and therefore incorrect."
when does body temperature tend to be lowest,False,"The ground truth says body temperature tends to be lowest from 11 p.m. to 3 a.m., but the model answer gives 4:00 AM to 6:00 AM, which is a different time range.",False,"The ground truth says body temperature tends to be lowest from 11 p.m. to 3 a.m., but the model answer says late afternoon (4 to 6 p.m.), which is a different and incorrect time."
who sings the whiskey ain't workin anymore,False,"The acceptable answers are Marty Stuart, Travis Tritt, or Travis Tritt and Marty Stuart. The model answer names Dean Dillon and Loretta Lynn & Conway Twitty, which do not match the ground truth and are incorrect.",False,The song 'The Whiskey Ain't Workin'' is correctly associated with Travis Tritt and Marty Stuart (among the acceptable ground truth forms). 'Alan Jackson and George Strait' is a different pair of artists and does not match.
what year is it for the jewish calendar,False,"The ground truth says the Jewish calendar year is 5778 (or AM 5778). The model answer gives 5784, which is a different year and therefore incorrect.",False,"The ground truth accepts 'AM 5778' or '5778'. The model answer '5783' is a different Jewish calendar year, so it does not match the correct answer."
chief ministers of tamil nadu mentioned on wikipedia,False,"The model answer includes several names not in the ground truth list, such as K. Kamaraj, M. Bhaktavatsalam, and M. K. Stalin, and omits many names that are in the ground truth. Since it lists multiple answers with conflicts against the accepted set, it is incorrect.",True,"The model answer lists M. Karunanidhi, J. Jayalalithaa, and O. Panneerselvam, all of which are included in the Ground Truth list of chief ministers of Tamil Nadu mentioned on Wikipedia."
what is the function of a political action committee (pac),True,The model answer matches the core function of a PAC: it raises/pools campaign contributions and uses them to support or oppose political candidates or causes.,False,"The ground truth says a PAC functions by pooling campaign contributions from members. The model answer incorrectly says it directly writes and passes campaign finance laws, which is not the function of a PAC."
who has the most followers in the world on instagram,False,"The ground truth says the most-followed Instagram account is Instagram's own account. The model answer names Cristiano Ronaldo, which is a different entity and therefore incorrect.",False,The ground truth says the most-followed Instagram account is Instagram's own account. 'Selena Gomez' is a different account and does not match.
what type of political system does el salvador have,True,The model answer 'Presidential republic' matches the ground truth 'presidential representative democratic republic' in meaning at a sufficient level of specificity for the question.,False,"The model answer is incorrect. El Salvador is a presidential representative democratic republic (also described as a flawed democracy), not a federal parliamentary system."
where is simple squamous epithelium found in the body,False,"The model answer includes correct locations such as alveoli and glomeruli/Bowman's capsule, and 'lining of blood vessels' is compatible with capillaries. However, it also lists several locations not supported by the ground truth, including endocardium, lymphatic vessels, mesothelium, inner ear, and cornea. Under the rules, listing conflicting extra answers makes the response incorrect.",False,"The model answer is incorrect. Simple squamous epithelium is found in places like the alveoli, capillaries, and glomeruli, whereas the trachea and bronchi are lined mainly by pseudostratified ciliated columnar epithelium, not simple squamous epithelium."
