question,initial_judge,initial_explaination,mis_reasoning_judge,mis_reasoning_explaination
when was the last time anyone was on the moon,True,The model answer 'December 1972' matches one of the acceptable ground truth answers and correctly answers when humans were last on the Moon.,True,The model answer 'December 1972' matches one of the acceptable ground truth answers and correctly answers when humans were last on the Moon.
who wrote he ain't heavy he's my brother lyrics,False,"The ground truth accepts Bobby Scott or Bob Russell. The model answer says Bob Scott, which is a different person from Bobby Scott and therefore incorrect.",False,"The correct lyricists are Bobby Scott and Bob Russell. The model answer gives Bob Scott and Bobby Scott, replacing Bob Russell with the wrong person, so it is incorrect."
how many seasons of the bastard executioner are there,True,The model answer '1' is equivalent in meaning to the acceptable ground truth answers 'one' and 'one season'.,True,The model answer '1' is semantically equivalent to the acceptable ground truth answers 'one' and 'one season'.
when did the eagles win last super bowl,False,"The ground truth says 2017, but the model answer says 2018, which does not match the accepted answer.",False,"The ground truth says 2017, but the model answer says 2018, which does not match the accepted answer."
who won last year's ncaa women's basketball,True,The model answer exactly matches the ground truth: South Carolina won last year's NCAA women's basketball championship.,False,"The ground truth says the winner was South Carolina, but the model answer says UConn, which is a different team."
when did the isle of wight become an island,True,"The model answer gives a more specific time frame that is consistent with the ground truth. Around 8,000 years ago falls within the period after the last Ice Age when the Isle of Wight became separated as an island.",False,"The ground truth says the Isle of Wight became an island during the last Ice Age. The model answer gives a specific date of around 6,500 years ago, which does not match that timeframe."
love yourself by justin bieber is about who,False,"The ground truth says the song is about Rihanna, but the model answer says Hailey Bieber, which is a different person.",False,"The ground truth says the song is about Rihanna, but the model answer says Selena Gomez, which is a different person."
who was the ruler of england in 1616,True,The model answer exactly matches the ground truth: James I was the ruler of England in 1616.,True,The model answer exactly matches the acceptable ground truth answer 'James I' for the ruler of England in 1616.
what is the hot coffee mod in san andreas,True,"The model answer correctly identifies Hot Coffee as a hidden/inaccessible mini-game in San Andreas, which matches the ground truth. The added detail about it being unofficially re-enabled does not contradict the core answer.",True,"The model answer matches the ground truth by describing Hot Coffee as a hidden/inaccessible mini-game in San Andreas, with extra specific detail that does not contradict the ground truth."
what is the maximum data rate for the 802.11a standard select one,True,The model answer '54 Mbps' is equivalent to the ground truth '54 Mbit/s'; both express the same maximum data rate for 802.11a.,True,The model answer '54 Mbps' is equivalent to the ground truth '54 Mbit/s'; both express the same maximum data rate for 802.11a.
which state is located in the centre of india,True,"The ground truth lists both 'Chhattisgarh' and 'Madhya Pradesh' as acceptable answers. The model answer gives 'Madhya Pradesh', which matches one acceptable answer.",True,"The ground truth allows either 'Chhattisgarh' or 'Madhya Pradesh' as acceptable answers. The model answered 'Madhya Pradesh', which matches one of the accepted answers."
who sang i ran all the way home,False,"The ground truth says the song ""I Ran All the Way Home"" was sung by The Impalas, but the model answer says Aretha Franklin, which is a different artist.",False,"The ground truth says the song ""I Ran All the Way Home"" was sung by The Impalas. The model answer ""Dion"" names a different artist, so it is incorrect."
where did the last name wallace come from,True,The ground truth says Wallace is a Scottish surname. 'Scotland' correctly identifies the origin and is sufficiently equivalent in context.,True,The ground truth says Wallace is a Scottish surname. 'Scotland' correctly identifies its origin and matches the intended meaning.
who was the actor that played ben stone on law and order,True,The model answer exactly matches the acceptable ground truth name for the actor who played Ben Stone on Law & Order.,True,The model answer exactly matches the acceptable ground truth answer: Michael Moriarty.
who does the voice of nala in the lion king,True,"Moira Kelly is one of the acceptable ground truth answers for the voice of Nala in The Lion King, so the model answer is correct.",False,"The ground truth accepts Nala voice actors from The Lion King such as Moira Kelly, but the model answer also includes Beyoncé, who is not in the acceptable ground truth list. Since it lists multiple answers and one conflicts with the ground truth, it must be judged incorrect."
who plays gram on the young and the restless,False,"The ground truth says the role was played by Max Shippee, but the model answer gives Jerry Douglas, which is a different person.",False,"The ground truth says the correct answer is Max Shippee, but the model answer gives Jeanne Cooper, which is a different person."
what is the oath that new citizens take,True,"The model answer provides the text of the United States Oath of Allegiance, which matches the ground truth naming the oath new U.S. citizens take.",False,"The ground truth is the United States Oath of Allegiance, which new citizens take at naturalization. The Model Answer gives the Pledge of Allegiance, a different oath."
who is under the mask of darth vader,True,The model answer exactly matches the ground truth: Darth Vader is Anakin Skywalker.,True,The model answer exactly matches the acceptable ground truth: Darth Vader is Anakin Skywalker.
who had a baby at 100 in the bible,True,The ground truth accepts either 'Sarah' or 'Abraham' as correct. The model answer 'Sarah' matches one of the acceptable answers.,True,The ground truth accepts either 'Sarah' or 'Abraham' as correct. The model answer 'Sarah' matches one acceptable answer.
what age do you need to be to buy a bb gun,True,"The model answer includes the correct age, 18, and its extra note about laws varying by state does not contradict the ground truth.",True,The model answer '18' exactly matches the acceptable ground truth answer.
ethiopia flight 961 crashes in to the sea,True,"The ground truth date is 23 November 1996, and the model answer states November 23, 1996, which is the same date. The extra location detail does not contradict the ground truth.",True,"The ground truth is the specific date '23 November 1996'. The model answer '1996' is less specific but still correctly gives the year of the crash, which is sufficient here and does not contradict the ground truth."
where was percy jackson and the olympians filmed,False,"The ground truth specifies filming locations as Vancouver or Mission, British Columbia. 'Canada and the United States' is too vague and also introduces the United States, which is not supported by the ground truth.",False,"The ground truth specifies filming locations as Vancouver or Mission, British Columbia. 'Canada and the United States' is too vague and introduces the United States, which is not supported by the ground truth."
how many seasons of vampire diaries r there,True,"The model answer '8' matches one of the acceptable ground truth answers ('eight', '8') and correctly answers how many seasons there are.",True,The model answer '8' matches the acceptable ground truth answers 'eight' and '8'.
how many episodes are there in dragon ball z,True,The model answer '291' matches the ground truth '291 episodes' and correctly answers the question.,False,"The ground truth says Dragon Ball Z has 291 episodes, but the model answer says 281, which is the wrong number."
who plays auggie in the movie the wonder,True,The model answer exactly matches the ground truth name for the actor who plays Auggie in the movie.,True,The model answer matches the ground truth exactly: Auggie in the movie Wonder is played by Jacob Tremblay.
when was the first australian prime minister elected,True,"The question asks when the first Australian prime minister was elected, and the model answer gives '1901,' which matches an acceptable ground truth answer.",True,"The question asks when the first Australian prime minister was elected, and the model answer gives '1901,' which matches an acceptable ground truth answer."
who plays matthew on anne with an e,False,The correct actor for Matthew in 'Anne with an E' is R. H. Thomson. Aidan Wojtak-Hissong is a different actor and does not match the ground truth.,True,The model answer matches the ground truth name exactly in meaning; the missing space after the initials is just a punctuation/formatting difference.
who is the girl in green day 21 guns,False,"The ground truth identifies the girl as Lisa Stelly, but the model answer denies that there is a girl and says it is metaphorical, which contradicts the correct answer.",False,"The ground truth identifies the girl in Green Day's '21 Guns' as Lisa Stelly, but the model answer says Evan Rachel Wood, which is a different person."
who plays joker in batman the dark knight,True,"The ground truth accepts 'Ledger', and 'Heath Ledger' correctly identifies the actor who played the Joker in The Dark Knight.",False,"The correct Joker in 'Batman: The Dark Knight' is Heath Ledger. Jack Nicholson played the Joker in the 1989 'Batman' film, not 'The Dark Knight'."
when was the south asian association for regional co-operation (saarc) formed,True,The model answer matches an acceptable ground truth exactly: SAARC was formed on 8 December 1985.,True,The model answer '8 December 1985' exactly matches one of the acceptable ground truth answers.
when was the first hunger games book published,True,The model answer '2008' matches one of the acceptable ground truth answers and sufficiently answers when the first Hunger Games book was published.,True,The model answer '2008' matches one of the acceptable ground truth answers and correctly answers when the first Hunger Games book was published.
who did bette midler portray in the rose,True,The model answer exactly matches the acceptable ground truth answer: Mary Rose Foster.,True,The model answer exactly matches the acceptable ground truth answer: Mary Rose Foster.
who is the lead singer of depeche mode,True,"Dave Gahan is a common shortened form of David Gahan, which matches the ground truth.",True,"Dave Gahan is a common shortened form of David Gahan, the lead singer of Depeche Mode, so the model answer matches the ground truth."
where did the butchers in the slaughterhouse cases live,False,The ground truth is specifically New Orleans. Louisiana is a broader location and is not sufficiently specific for where the butchers lived in this context.,True,"The ground truth is New Orleans, and 'Algiers, New Orleans' is a more specific location within New Orleans, so it is consistent and correct."
who developed the concept of total quality management,True,"The model answer exactly matches the acceptable ground truth answer, W. Edwards Deming.",True,The Model Answer exactly matches the acceptable Ground Truth answer: W. Edwards Deming.
who wrote cant get you out of my head lyrics,True,"The model answer names Rob Davis and Cathy Dennis, which matches the acceptable ground truth that the lyrics were written by Cathy Dennis and Rob Davis.",True,"The model answer names Rob Davis and Cathy Dennis, which matches the acceptable ground truth that the lyrics were written by Cathy Dennis and Rob Davis."
where does no game no life anime end,False,"The ground truth says the anime ends at the Elkia Federation / the sixth volume, but the model answer says Volume 3, which contradicts the accepted answer.",False,"The ground truth indicates the anime ends at the Elkia Federation / the sixth volume, but the model answer says Volume 3, which contradicts the correct volume."
when did taylor swift's first album release,True,"The model answer '2006' matches the acceptable ground truth 'October 24, 2006' as a less specific but still sufficient release year for the first album.",True,"The model answer '2006' matches the acceptable ground truth 'October 24, 2006' as a less specific but sufficient year-only answer to when the first album was released."
what are the three fifty shades of grey books,True,The model answer lists all three correct titles in the Fifty Shades trilogy exactly as in the ground truth.,True,"The model answer lists the three books exactly as in the ground truth: Fifty Shades of Grey, Fifty Shades Darker, and Fifty Shades Freed."
who has the power (judicial) to make decisions in courts of law,True,"The model answer 'Judges' matches the ground truth 'judges' exactly in meaning, with only a capitalization difference.",True,The model answer 'Judges' matches the ground truth 'judges' exactly in meaning; capitalization does not matter.
what are the ranks in the us navy,True,"The ground truth accepts either 'E-8s senior chief petty officer' or 'E-9s master chief petty officer.' The model answer includes both 'Senior Chief Petty Officer' and 'Master Chief Petty Officer,' so it matches acceptable Navy ranks.",True,"The ground truth accepts either 'Senior Chief Petty Officer' or 'Master Chief Petty Officer.' The model answer includes both of these U.S. Navy ranks, so it matches an acceptable answer despite providing additional rank information."
i was a great islamic scholar and mathematician who died in 1131 ce,False,"The correct answer is Omar Khayyam, who died in 1131 CE. Al-Khwarizmi is a different scholar and did not match the person described.",False,"The correct answer is Omar Khayyam, who died in 1131 CE. Al-Khwarizmi is a different scholar and did not match the person described in the question."
who is the coach for the ottawa senators,False,"The ground truth says the Ottawa Senators' coach is Guy Boucher, but the model answer says Travis Green, which is a different person.",False,"The ground truth says the Ottawa Senators' coach is Guy Boucher, but the model answer gives Travis Green, which is a different person."
last episode of what happens to my family,False,"The question asks for the last episode number of 'What Happens to My Family', and the ground truth is 53. The model answer describes the ending plot but does not provide the episode number, so it does not match the required answer.",False,"The question asks for the last episode, and the ground truth answer is episode 53. The model answer describes plot events instead of giving the episode number, so it does not match the required answer."
when is the last time the vikings were in the nfc championship,True,"The ground truth accepts 2017/18 as the last time the Vikings were in the NFC Championship, and January 24, 2018 refers to that same 2017–18 NFC Championship appearance, just with a specific date.",False,"The model answer gives 2010, but the acceptable ground truth answers are 1976 or 2017/18. Therefore it does not match the correct last NFC Championship appearance."
what are the colors of the netherlands flag,True,"The model answer gives the same three flag colors as the ground truth: red, white, and blue. The order differs, but the meaning is the same.",True,"The model answer gives the same three colors of the Netherlands flag as the ground truth, just in a different order."
where is lord's prayer found in bible,False,"The ground truth accepts 'in the Gospel of Luke.' The model answer includes Luke, but also adds Matthew as another location. Since it lists multiple answers and one conflicts with the ground truth-only answer, it is judged incorrect.",False,"The ground truth accepts 'in the Gospel of Luke.' The model answer includes Luke, but also adds Matthew, which conflicts with the provided ground truth. Under the rules, listing multiple answers where one conflicts makes it incorrect."
when was the last time oklahoma won a national championship in football,True,"The model answer '2000' matches one of the acceptable ground truth answers, so it is correct.",True,The model answer '2000' matches one of the acceptable ground truth answers for when Oklahoma last won a national championship in football.
location of the ten commandments in the bible,True,"The model answer correctly identifies the Ten Commandments as being located in Exodus and Deuteronomy, and gives the specific chapter and verse ranges without contradiction.",True,"The model answer correctly identifies the Ten Commandments as being located in Exodus and Deuteronomy, and gives the specific passages without contradiction."
where did the allies go after north africa,True,The model answer 'Italy' matches an acceptable ground truth answer and correctly answers where the Allies went after North Africa.,True,The model answer 'Italy' matches an acceptable ground truth answer and correctly answers where the Allies went after North Africa.
what is the meaning of veronica in english,True,‘Victory bringer’ is equivalent in meaning to ‘she who brings victory.’,False,"The ground truth meaning is 'she who brings victory,' but the model answer 'True image' does not match that meaning."
what is the name of the main artery which takes blood from the heart to the body,True,The model answer 'Aorta' matches the ground truth 'The aorta'/'aorta' and correctly names the main artery carrying blood from the heart to the body.,True,The model answer 'Aorta' matches the acceptable ground truth answer 'aorta' and correctly names the main artery carrying blood from the heart to the body.
who played solomon in little house on the prairie,False,"The ground truth says Solomon in Little House on the Prairie was played by Todd Bridges, but the model answer gives Richard Bull, which is a different actor.",False,"The ground truth says Solomon in Little House on the Prairie was played by Todd Bridges, but the model answer gives Moses Gunn, which is a different actor."
who does eric end up with in that 70s show,True,"The ground truth is Donna, and 'Donna Pinciotti' is the same person stated more specifically, so it correctly answers the question.",False,"The ground truth says Eric ends up with Donna, but the model answer says he ends up with no one and is single, which contradicts the correct answer."
an object that moves around an external axis is said to be,True,"""Revolving"" correctly expresses the idea of undergoing revolution/orbiting around an external axis, which matches the ground truth.",False,"The ground truth is revolution/orbit, meaning movement around an external axis or another object. 'Rotating' means turning around an internal axis, so it is not correct."
architectural elements forming rib vaults eg wells cathedral,False,"The ground truth acceptable answers are variants like 'an armature of piped masonry,' 'barrel vaults,' or 'two to three barrel vaults.' The model answer names parts of a rib vault ('ribs, bosses, and webbing'), which does not match any of the accepted answers in meaning.",False,"The ground truth answers refer to rib vaults being formed by an armature of piped masonry or by two to three barrel vaults. The model answer instead lists parts of a rib vault (ribs, bosses, webbing, corbels, springing points), which does not match any of the acceptable answers."
who sang the song good morning good morning,False,"The model answer says 'The Beatles,' but none of the acceptable ground truth answers match that. Acceptable singers include Gene Kelly, Donald O'Connor, Judy Garland, Debbie Reynolds, or Mickey Rooney.",True,"Gene Kelly is one of the acceptable answers listed in the Ground Truth, so the Model Answer is correct."
who wrote papa got a brand new bag,True,The model answer exactly matches the acceptable ground truth answer: James Brown.,True,"The model answer exactly matches the ground truth: James Brown wrote ""Papa's Got a Brand New Bag."""
where does a roadrunner live in the desert,False,"The ground truth specifies habitat types ('mountainous shrubland' or 'arid lowland'), while the model answer gives desert regions ('Sonoran and Chihuahuan deserts'). These are related but do not express the same habitat answer required.",True,"The model answer describes scrubland and open country in the Sonoran and Chihuahuan deserts, which is consistent with the ground truth habitats of mountainous shrubland and arid lowland."
who wrote it's a long long way to pasadena,False,"The model answer ""Chicago"" does not match any of the acceptable writers in the ground truth: John Young, Harry Vanda, David Hemmings, or George Young.",False,"The model answer names Brian Connolly, which is not any of the accepted writers in the ground truth: John Young, Harry Vanda, David Hemmings, or George Young."
what's the dog's name on tom and jerry,True,The model answer matches the ground truth exactly: the dog's name on Tom and Jerry is Spike.,True,The model answer matches the acceptable ground truth exactly: the dog's name in Tom and Jerry is Spike.
who are nominated for president of india 2017,True,"The model answer correctly names the two 2017 Indian presidential nominees: Ram Nath Kovind and Meira Kumar, matching the ground truth.",True,"The model answer correctly names the two 2017 Indian presidential nominees: Ram Nath Kovind and Meira Kumar, matching the ground truth."
where does the path train stop in newark,True,"The model answer exactly matches the acceptable ground truth answer, Newark Penn Station.",True,The model answer exactly matches the acceptable ground truth: PATH train stops in Newark at Newark Penn Station.
where does route 66 start on the west coast,True,"The model answer 'Santa Monica, California' matches the ground truth 'in Santa Monica' and is a correct, more specific location.",True,"The model answer 'Santa Monica, California' matches the ground truth 'in Santa Monica' and is a more specific, consistent location."
who is the first wife on sister wives,True,"The ground truth answer is 'Meri,' and 'Meri Brown' correctly identifies the same person with a more specific full name.",True,"The ground truth is Meri, and 'Meri Brown' is a more specific form of the same correct person with no contradiction."
when did houston go to the american league,False,"The ground truth says Houston went to the American League in 2013, but the model answer says 1997, which is incorrect.",False,"The ground truth says Houston went to the American League in 2013, but the model answer says 1998, which is incorrect."
when did they stop cigarette advertising on television,True,"The model answer matches one of the acceptable ground truth answers exactly: 'January 2, 1971.'",False,"The ground truth accepts 'January 2, 1971' or '1970'. The model answer says 'January 1, 1971,' which does not match either accepted answer and gives the wrong date."
coldplay song i will try to fix you,True,"The model answer 'Fix You' matches the ground truth '""Fix You""' exactly in meaning, differing only in punctuation.",True,"The model answer 'Fix You' matches the ground truth '""Fix You""' exactly in meaning, differing only by punctuation."
points on a sphere or angles in a circle are measured in units called,True,The model answer 'Radians' matches the ground truth 'radians'; capitalization does not matter.,False,"The ground truth answer is 'radians'. The model answered 'grads', which is a different unit of angular measure and therefore incorrect."
the oligodynamic effect is a phenomenon that describes,True,"The model answer matches the ground truth: the oligodynamic effect refers to the biocidal/antimicrobial effect of metals, especially in very small amounts.",True,"The model answer matches the ground truth: the oligodynamic effect refers to the biocidal/antimicrobial effect of metals, especially in very small quantities."
where does the white witch live in narnia,True,The model answer 'The White Witch's castle' is semantically equivalent to the ground truth 'her castle' and correctly answers where she lives in Narnia.,True,The model answer 'The White Witch's castle' matches the ground truth 'her castle' and correctly answers where she lives in Narnia.
how many games in a row have the uconn women's basketball team won,False,"The model answer '1' does not match any acceptable ground truth answer, which includes '111 straight wins', '111', or '90'.",False,"The model answer says 102, but the acceptable ground truth answers are 111 straight wins, 111, or 90. Therefore it does not match any correct answer."
is there a name for the at symbol,True,The model answer 'at sign' exactly matches one of the acceptable ground truth answers.,True,The model answer 'at sign' exactly matches one of the acceptable ground truth answers.
who sings the theme song for the tv show cops,True,The model answer 'Inner Circle' matches an acceptable ground truth answer exactly and correctly names the performer of the COPS theme song.,True,The model answer matches an acceptable ground truth exactly: the theme song for COPS is by Inner Circle.
when was corporal punishment banned in south africa,False,"The ground truth says corporal punishment was banned in South Africa in 1997, but the model answer says 2020, which is the wrong year.",False,"The ground truth says corporal punishment was banned in South Africa in 1997, but the model answer says 1996, which is the wrong year."
who plays captain phasma in star wars the force awakens,True,The model answer exactly matches the ground truth: Captain Phasma in Star Wars: The Force Awakens is played by Gwendoline Christie.,True,The model answer exactly matches the ground truth: Captain Phasma in Star Wars: The Force Awakens is played by Gwendoline Christie.
who sings she's like the wind lyrics,True,"The ground truth lists both Wendy Fraser and Patrick Swayze as acceptable singers of ""She's Like the Wind."" The model answer gives Patrick Swayze, which matches one acceptable answer.",True,"The ground truth lists both Wendy Fraser and Patrick Swayze as acceptable answers. The model answer gives Patrick Swayze, which matches one acceptable correct answer."
when did marathon change its name to snickers,True,"The ground truth is the specific date 19 July 1990, and the model answer 'July 1990' gives a less specific but still sufficient and consistent date for the question asking when the name changed.",False,"The ground truth says Marathon changed its name to Snickers on 19 July 1990. The model answer '1986' gives the wrong year, so it is incorrect."
who captained the first european ship to sail around the tip of africa,True,"The model answer exactly matches the accepted ground truth name, Bartolomeu Dias.",True,The model answer exactly matches the ground truth: Bartolomeu Dias was the captain of the first European ship to sail around the tip of Africa.
who ordered the forbidden city to be built,True,"Emperor Yongle is the regnal title of Zhu Di, so the model answer matches the ground truth.",True,"The model answer names Zhu Di and identifies him as the Yongle Emperor, which is consistent with the ground truth."
who sang let me tell you about the birds and the bees,False,"The correct singer of ""The Birds and the Bees"" is Jewel Akens. ""Jimmie Rodgers"" is a different artist and does not match the ground truth.",False,"The correct singer of ""The Birds and the Bees"" is Jewel Akens. ""The Marvelettes"" is a different artist and does not match the ground truth."
who has the power to approve or veto legislation constitution,True,The model answer 'The President.' matches the ground truth 'the President' exactly in meaning.,True,"The President is the head of the executive branch, so 'the executive' is a less specific but still sufficient equivalent in this constitutional context."
how many seasons of the rugrats are there,True,The model answer '9' matches the ground truth acceptable answers '9 seasons' and '9'.,True,The model answer '9' matches the ground truth acceptable answers '9 seasons' and '9' for the number of seasons of Rugrats.
who is the minister of local government in zimbabwe,False,"The ground truth says the minister of local government in Zimbabwe is Hon July Moyo. The model answer names Winston Chitando, who is a different person, so it is incorrect.",True,The model answer 'July Moyo' matches the ground truth 'Hon July Moyo'. The honorific 'Hon' is optional and does not change the identity.
what was the initial effect of the transition from command to market economies in eastern europe,False,"The ground truth says the initial effect was 'inequality of opportunity.' The model answer instead mentions economic decline, inflation, and unemployment, which are different effects and do not match the accepted answer.",False,"The ground truth is 'Inequality of opportunity,' but the model answer gives different initial effects: economic decline, inflation, and unemployment. These are not equivalent to the accepted answer."
when did toyota start making cars in the us,False,"The ground truth accepts 'by the early 1980s' or '1984' as the start of Toyota making cars in the U.S. The model answer '1986' gives a different year, so it is incorrect.",True,The model answer '1984' exactly matches one of the acceptable ground truth answers and correctly answers when Toyota started making cars in the US.
how many pieces in a terry's chocolate orange,True,"The ground truth lists acceptable answers including '20', and the model answer is '20', which directly matches one valid answer.",False,"The ground truth accepts either 'six' or '20' as correct answers. The model answer '12' does not match either acceptable answer, so it is incorrect."
who plays the saint of killers on preacher,True,The model answer exactly matches the ground truth: Graham McTavish plays the Saint of Killers on Preacher.,True,The model answer exactly matches the acceptable ground truth answer: Graham McTavish.
when did the royal proclamation of 1763 end,False,"The ground truth says the Royal Proclamation of 1763 ended with the American Revolutionary War or in 1783. The model answer says it was never formally ended or repealed, which contradicts the expected answer and does not provide the requested ending time.",True,The model answer '1783' matches one of the acceptable ground truth answers and correctly states when the Royal Proclamation of 1763 ended.
who is playing the halftime show at super bowl 2016,True,"The model answer lists Coldplay, Beyoncé, and Bruno Mars, which matches the ground truth performers for the Super Bowl 2016 halftime show.",True,"The model answer correctly identifies Coldplay and includes Beyoncé and Bruno Mars, which match the acceptable ground truth performers for the Super Bowl 2016 halftime show."
jonny cash one piece at a time car,False,"The ground truth answer is Cadillac. The model answer only lists years from the song lyrics and does not identify the car make, so it does not correctly answer the question.",True,"The ground truth is 'Cadillac', and '1957 Cadillac' is a more specific version that remains consistent with the correct answer."
what is the minimum wage in france per hour,False,"The model answer gives €11.65 per hour, which does not match either acceptable ground truth value (€11.16 or €9.88 per hour). It provides a different number, so it is incorrect.",False,"The model answer gives €11.05, which does not match either acceptable ground truth value (11.16 or €9.88 per hour). It provides a different hourly wage amount, so it is incorrect."
describe the three phases of the normal blood clotting process,True,"The model answer correctly gives the three normal phases of hemostasis/clotting: vascular spasm (vasoconstriction), platelet plug formation, and coagulation. This matches the ground truth items including vasoconstriction and blood coagulation.",True,"The model answer correctly describes the three normal phases of blood clotting/hemostasis, including vasoconstriction and coagulation, which match the acceptable ground truth terms. The added platelet plug formation is a correct intermediate phase and does not contradict the ground truth."
when did amnesia the dark descent come out,True,"The model answer gives the same release date as the ground truth, using an equivalent month-day-year format instead of day-month-year.",True,"The model answer gives the same release date as the ground truth, using an equivalent month-day-year format instead of day-month-year."
what is the oldest street in the philippines,True,"The model answer matches the ground truth by correctly identifying Colon Street, and it is consistent with the listed location Cebu City.",True,"The model answer matches the ground truth by identifying Colon Street and specifying its location in Cebu City, which is consistent and more specific."
where is the tibia and fibula bone located,True,"The model answer correctly states that the tibia and fibula are in the lower leg, which matches the ground truth 'leg' with more specific detail and no contradiction.",True,"The model answer states the tibia and fibula are in the lower leg, which matches the ground truth 'leg' and is a correct more specific answer."
who played bat masterson in the tv series,True,The model answer matches the ground truth exactly: Gene Barry played Bat Masterson in the TV series.,True,The model answer 'Gene Barry' exactly matches the acceptable ground truth answer.
who sings sugar sugar you are my candy girl,True,"The model answer matches the ground truth exactly: 'The Archies' is the artist who sings 'Sugar, Sugar'.",True,The model answer 'The Archies' matches the ground truth acceptable answer 'the Archies'; capitalization differences do not matter.
types of skiing in the winter olympics 2018,False,"The ground truth refers to specific alpine skiing event types in the 2018 Winter Olympics, such as Slalom, Downhill, Super-G, and Giant slalom. The model answer instead lists broad skiing-related Olympic disciplines and includes non-skiing categories like snowboarding, so it does not match any acceptable ground truth answer.",False,"The ground truth refers to specific alpine skiing event types such as Slalom, Downhill, Super-G, and Giant slalom. The model answer lists broader skiing disciplines like alpine, cross-country, freestyle, and ski jumping, which do not match any of the acceptable answers."
who plays noah newman on the young and the restless,False,"The ground truth identifies Noah Newman as being played by Robert Gillespie Adamson IV. The model answer names Rory Gibson, which is a different actor, so it does not match the accepted answer.",True,Robert Adamson is a valid shortened form of Robert Gillespie Adamson IV and correctly identifies the actor who plays Noah Newman on The Young and the Restless.
who has won the most games in nfl 2017,False,"The ground truth says the correct answer is Dallas Cowboys, but the model answer says Philadelphia Eagles, which is a different team.",False,"The ground truth says the team with the most wins in NFL 2017 is the Dallas Cowboys. The model answer gives Philadelphia Eagles, which is a different team and does not match the accepted answer."
under article 1 what is the minimum age required to serve in the house of representatives,True,The model answer '25' matches the ground truth '25'/'25 years old' and correctly states the minimum age required to serve in the House of Representatives under Article I.,True,The model answer '25' matches the ground truth acceptable answers '25' and '25 years old' for the minimum age to serve in the House of Representatives under Article 1.
who has the most catches in nfl history,True,The model answer 'Jerry Rice' exactly matches the acceptable ground truth answer for the player with the most catches in NFL history.,True,The model answer 'Jerry Rice' exactly matches the acceptable ground truth answer for the player with the most catches in NFL history.
when does the dlc for rainbow six siege come out,False,"The ground truth says the DLC comes out in January 2018, but the model answer gives a different release, September 10, 2024, for a specific operation. This does not match the correct date.",False,"The ground truth says the DLC comes out in January 2018, but the model answer says mid-June, which is a different time and therefore incorrect."
who was the great wall of china built to defend against,True,The model answer matches the ground truth in meaning: 'Mongol and other northern nomadic groups' is a specific form of 'nomads from Inner Asia' and is consistent with it.,True,The model answer matches the ground truth in meaning: 'Mongol and other northern nomadic groups' is a more specific form of 'nomads from Inner Asia' and is consistent with it.
where does the last name galvez come from,True,"The ground truth says the surname Galvez is Spanish, and 'Spain' correctly conveys that it comes from Spain/Spanish origin.",True,The ground truth says the surname Galvez is Spanish; answering 'Spain' correctly identifies its origin and matches the intended meaning.
who opens the church of the holy sepulchre,False,"The ground truth says the Church of the Holy Sepulchre is opened by the Sunni Muslim Nusaybah family. The model answer names the Orthodox Patriarch of Jerusalem, which is a different entity and therefore incorrect.",False,The ground truth says the Church of the Holy Sepulchre is opened by the Sunni Muslim Nusaybah family. 'A Greek Orthodox sacristan' is a different entity and does not match.
when does season 5 of the blacklist resume,False,"The ground truth says Season 5 resumed on January 31, 2018, but the model answer gives January 3, 2018, which is a different date.",False,"The ground truth says season 5 of The Blacklist resumed on January 31, 2018, but the model answer says January 3, 2018, which is a different date."
the chinese dragons are protectors of how many seas diggy,True,The model answer 'Four' matches one of the acceptable ground truth answers and correctly answers how many seas.,False,"The ground truth says the Chinese dragons are protectors of the Four Seas (four). The model answer says Three, which is the wrong number."
how much money did it cost to make gta v,False,"The ground truth indicates 137, while the model answer says $265 million. These are different numbers, so the answer does not match the accepted ground truth.",False,"The ground truth indicates 137 (commonly understood as about $137 million), while the model answer says $500 million, which is a different amount and therefore incorrect."
what is the angle of the tower of pisa,False,"The ground truth specifies about 3.99 degrees. The model answer gives 3.97 degrees, which is a different numerical value and does not match the accepted answers.",False,The ground truth says the Tower of Pisa leans at about 3.99 degrees. The model answer '86 degrees' is a different and incorrect angle.
what is the share of agriculture in indian economy,False,"The ground truth acceptable answers are 17.32% or 23%. The model answer gives a broad range of 15-20%, which does not match 23% and only loosely includes 17.32%; as a range, it is too imprecise to be considered the same answer.",False,"The model answer says approximately 33%, which does not match either acceptable ground truth value of 17.32% or 23%."
who does demetrius love in a midsummer night dream,True,"The ground truth allows either 'Helena' or 'Hermia' as acceptable answers. The model answer says Demetrius loves Helena, which matches one acceptable ground truth answer.",True,The ground truth lists acceptable answers as either 'Helena' or 'Hermia'. The model answer 'Helena' matches one of the accepted answers.
when did the movie varsity blues come out,True,The model answer '1999' matches one of the acceptable ground truth answers and correctly answers when the movie came out.,True,The model answer '1999' matches one of the acceptable ground truth answers and correctly answers when the movie came out.
when does the champions league quarter finals start,False,"The model answer gives April 9-10, 2024, which does not match either acceptable ground truth date: 16 March 2018 or 3–4 April 2018.",False,"The model answer gives 'April 9-10, 2024,' which does not match either acceptable ground truth date: '16 March 2018' or '3–4 April 2018.' It refers to a different year and different quarter-final start dates."
who was the famous scientist that ran the research lab moseley went to in manchester,True,The model answer 'Ernest Rutherford' matches the ground truth 'Sir Ernest Rutherford'; omission of the title 'Sir' does not change the identity.,True,The model answer 'Ernest Rutherford' matches the ground truth 'Sir Ernest Rutherford'; the omission of the honorific 'Sir' does not change the identity.
where do you get a cashiers check from,True,"The model answer includes 'a bank,' which matches the ground truth. The extra mention of a credit union does not contradict the core correct answer.",False,"The ground truth accepts 'a bank' or 'bank'. The model answer adds 'credit union' as an additional option, which is not supported by the ground truth, so it includes a conflicting possible answer."
who does stefan marry in the vampire diaries,True,The model answer matches the acceptable ground truth exactly: Stefan marries Caroline Forbes in The Vampire Diaries.,False,"The ground truth says Stefan marries Caroline Forbes. The model answer says Elena Gilbert, which is a different person and therefore incorrect."
what is the meaning of cc and bcc,True,"The model answer correctly defines CC as 'carbon copy' and BCC as 'blind carbon copy,' which matches the acceptable ground truth meanings.",False,"The model answer is incorrect because CC means 'Carbon copy' and BCC means 'Blind carbon copy,' not 'closed copy' or 'backup closed copy'."
hazels boyfriend in the fault in our stars,True,The model answer exactly matches the ground truth: Hazel's boyfriend in The Fault in Our Stars is Augustus Waters.,True,The model answer matches the ground truth exactly: Hazel's boyfriend in The Fault in Our Stars is Augustus Waters.
when does the day of the dead end,True,The model answer exactly matches the ground truth date for when Day of the Dead ends: November 2.,False,"The ground truth says the Day of the Dead ends on November 2, but the model answer says November 3, which is incorrect."
when do you celebrate birthday if born on feb 29,True,"The ground truth allows February 29, February 28, or March 1. The model answer gives February 28 or March 1 in non-leap years, which matches acceptable answers and does not conflict with the ground truth.",True,The model answer matches acceptable ground truth options: celebrate on February 29 in leap years and February 28 in non-leap years. February 28 is explicitly listed as an acceptable answer.
where does new york drinking water come from,False,"The ground truth specifies the eastern Catskill Mountains. The model answer gives a broader NYC water supply description and adds Delaware and Hudson watersheds and the Croton system, which goes beyond and conflicts with the specific source in the ground truth.",False,"The ground truth specifies the eastern Catskill Mountains. The model answer mentions the Catskill Mountains but adds other sources (Delaware River Basin and Croton watershed), which conflicts with the single accepted ground truth."
where is the citrus bowl held this year,False,"The ground truth specifies the venue as Camping World Stadium. 'Orlando, Florida' gives the city, not the specific place where the Citrus Bowl is held, so it is too vague.",False,"The ground truth says the Citrus Bowl is held at Camping World Stadium, but the model answer gives Hard Rock Stadium in Miami Gardens, which is a different venue."
what year does the quiet man take place,False,"The ground truth says the film takes place in the 1920s. The model answer gives 1935, which is a different time period and is therefore incorrect.",True,"The ground truth says the story takes place in the 1920s, and 1922 is a specific year within the 1920s, so it is consistent and acceptable."
how many seasons of rules of engagement is there,True,The model answer '7' matches the acceptable ground truth answers '7' and 'seven' for the number of seasons.,True,The model answer '7' matches the acceptable ground truth answers '7' and 'seven'.
who plays alec ramsay in the black stallion,True,The model answer exactly matches the acceptable ground truth answer: Kelly Reno.,True,The model answer exactly matches the acceptable ground truth answer: Kelly Reno.
who plays dusty in the movie pure country,True,The model answer matches the ground truth exactly: Dusty in the movie Pure Country is played by George Strait.,False,"The ground truth says Dusty in 'Pure Country' is played by George Strait, but the model answer names Lesley Ann Warren, which is a different actor."
how many episodes of greys anatomy season 14,True,The model answer '24' matches one of the acceptable ground truth answers for the number of episodes in Grey's Anatomy season 14.,True,The model answer '24' exactly matches one of the acceptable ground truth answers for the number of episodes in Grey's Anatomy season 14.
who is currently serving as president of the senate,False,"The model answer 'Kamala Harris' does not match either acceptable ground truth answer, 'Orrin Hatch' or 'Patrick Leahy', so it is incorrect.",False,The model answer 'Patty Murray' does not match either acceptable ground truth answer: 'Orrin Hatch' or 'Patrick Leahy'.
what percentage of sunlight is captured by plants to convert it into food energy,False,The model answer 'Less than 1%' does not match either acceptable ground truth answer: '45%' or '3 to 6%'. It gives a different percentage range and is therefore incorrect.,False,"The model answer says 1–2%, which does not match either acceptable ground truth answer: 45% or 3 to 6%. Therefore it gives the wrong percentage."
what type of economic system was utilized in the soviet union,True,"A command economy is the economic system associated with the Soviet Union and is consistent with communist state ownership, so it matches the ground truth in meaning.",True,"The Soviet Union is commonly described as having a communist system with state ownership, and a command economy is a correct equivalent description of that economic system."
how many gold medals did australia win in the 2000 olympics,False,"The ground truth says Australia won 16 gold medals in the 2000 Olympics, but the model answer says 58, which is incorrect.",True,The model answer '16' matches the ground truth acceptable answer '16' for the number of gold medals Australia won in the 2000 Olympics.
who started ww2 and how did it start,True,"The model answer matches the ground truth: Nazi Germany started World War II. It is more specific and correctly adds that it began with the invasion of Poland in 1939, which does not contradict the ground truth.",True,"The model answer identifies Germany as the party that started World War II and gives the specific act, the invasion of Poland, which is consistent with the ground truth 'Nazi Germany' and correctly answers how it started."
when did the royal mint move to wales,False,"The model answer '2009' does not match any acceptable ground truth answer. The Royal Mint moved to Wales in 1968, specifically on 17 December 1968, or more generally in the 1960s.",False,"The ground truth says the Royal Mint moved to Wales in 1968, specifically 17 December 1968, or generally in the 1960s. The model answer says 1967, which does not match."
when did bird is the word come out,True,"The model answer states that the song containing 'bird is the word' was released in 1963, which matches the ground truth exactly.",False,"The ground truth says the answer is 1963, but the model answered 1964, which is a different year."
how tall is the actor who plays hagrid in harry potter,False,"The ground truth says the actor who plays Hagrid is 6ft 1in tall, but the model answer says 6 feet 6 inches, which is a different height.",False,"The ground truth says the actor who plays Hagrid is 6 ft 1 in tall, but the model answer says 5 feet 8 inches, which is a different height."
who is opening for little mix glory days tour,True,Ella Eyre is one of the acceptable opening acts listed in the Ground Truth for the Little Mix Glory Days Tour.,False,"Nathan Sykes is not one of the listed acceptable opening acts for Little Mix's Glory Days Tour. The ground truth includes Sheppard, Zoe Badwi, Louisa Johnson, Bronnie, The Vamps, Ella Eyre, and Conor Maynard."
who performed the first c section in 1794,False,"The ground truth says the first C-section in 1794 was performed by Dr. Jesse Bennett. Jane Todd Crawford was the patient, not the person who performed it.",True,The model answer exactly matches the ground truth acceptable answer: Dr. Jesse Bennett.
who voices randy in f is for family,False,"The ground truth says Randy in 'F Is for Family' is voiced by T.J. Miller. The model answer 'Sam Rockwell' names a different actor, so it is incorrect.",False,"The ground truth says Randy in F is for Family is voiced by T.J. Miller, but the model answer says Justin Long, which is a different person."
bible verse taking the lord's name in vain,True,"The model answer exactly matches the acceptable ground truth verse reference, Exodus 20:7.",False,"The ground truth identifies the verse as Exodus 20:7, which contains the commandment about taking the Lord's name in vain. The model answer, Matthew 5:33, is a different verse and does not match the correct reference."
who controlled the house and the senate in 2012,True,"The model answer correctly states that Republicans controlled the House and Democrats controlled the Senate in 2012, matching the ground truth.",True,The model answer matches the ground truth: Republicans controlled the House and Democrats controlled the Senate in 2012.
when's the last time army won the army navy game,False,"The ground truth indicates the acceptable answer is 2017 (or Army). The model answer says 2023, which does not match the correct year.",False,"The ground truth indicates the last time Army won was 2017. The model answer says 2020, which does not match."
when does thomas rhett's new album come out,False,"The ground truth release date is September 8, 2017, but the model answer gives May 31, 2019 for a different album, so it does not match.",False,"The ground truth says the album comes out on September 8, 2017, but the model answer gives April 26, 2024, which is a different date."
who won the champions league final in 2016,True,The model answer matches the ground truth exactly: Real Madrid won the 2016 Champions League final.,True,The model answer exactly matches the acceptable ground truth answer: Real Madrid won the 2016 Champions League final.
who is the real killer in basic instinct 2,False,"The correct killer is Catherine Tramell, and the model answer does mention Sharon Stone (Catherine Tramell), but it also includes contradictory and incorrect statements about David Caruso and Michael Douglas as Nick Curran. Because it contains conflicting information, it is incorrect.",False,"The ground truth says the real killer in Basic Instinct 2 is Catherine Tramell, but the model answer names Dr. Michael Glass, which is a different character."
who does the voice of mickey mouse on mickey mouse clubhouse,False,"The acceptable answers are Bret Iwan or Wayne Allwine, who voiced Mickey Mouse on Mickey Mouse Clubhouse. Chris Diamantopoulos is a different voice actor for Mickey in other productions, so this does not match the ground truth.",True,Bret Iwan is one of the acceptable ground truth answers for the voice of Mickey Mouse on Mickey Mouse Clubhouse.
when was the last episode of vampire diaries aired,True,"The model answer exactly matches one of the acceptable ground truth dates: March 10, 2017.",True,"The model answer exactly matches one of the acceptable ground truth dates: March 10, 2017."
where did the dewey decimal system come from,True,"The ground truth is 'Melvil Dewey,' and the model answer correctly states that Melvil Dewey created the Dewey Decimal System, which matches the required meaning.",True,The model answer matches the ground truth exactly: the Dewey Decimal System was created by Melvil Dewey.
where did the jungle book story come from,False,"The ground truth says the story came from English author Rudyard Kipling. 'India' refers to the setting or association, not the source author, so it does not correctly answer the question according to the ground truth.",False,"The ground truth says the story came from English author Rudyard Kipling. 'India' refers to the setting or origin context, not the author, so it does not match the required answer."
derek and meredith get back together season 3,False,"The question appears to ask for the episode title in season 3 when Derek and Meredith get back together. The ground truth is 'Staring at the Sun,' but the model answer 'Yes' does not provide that episode and is too vague to be correct.",False,"The ground truth specifies the episode title 'Staring at the Sun.' The model answer says only 'the Season 3 finale,' which is a different and incorrect episode reference."
who did america declare war on in ww1,False,"The ground truth accepts only 'Austria-Hungary'. The model answer says 'Germany', which is a different country and does not match the accepted answer.",True,The model answer exactly matches the acceptable ground truth answer: Austria-Hungary.
who played zoe hart on hart of dixie,True,"Rachel Bilson is the same person as Rachel Sarah Bilson, so the model answer correctly identifies who played Zoe Hart on Hart of Dixie.",True,"Rachel Bilson is the same person as Rachel Sarah Bilson, so the model answer correctly identifies who played Zoe Hart on Hart of Dixie."
what was tom hanks character name in castaway,True,"The model answer exactly matches the ground truth character name, Chuck Noland.",False,"The correct character name is Chuck Noland. 'Wilson' is the volleyball companion in Cast Away, not Tom Hanks's character."
what engine is in a holden v8 supercar,True,"The ground truth says the engine is a V8-engine. 'LS3' refers to a specific GM V8 engine, so it is a more specific answer consistent with the ground truth.",True,The ground truth accepts 'V8-engine'. The model answer '5.7L Chevrolet LS1 V8' is a more specific type of V8 engine and is consistent with the ground truth.
when did the sat become out of 1600,False,"The ground truth accepts 2016, March 2016, or 2014 as valid answers for when the SAT became out of 1600. The model answer '2005' does not match any acceptable answer and is incorrect.",False,"The ground truth says the SAT became out of 1600 in 2016 (specifically March 2016, with 2014 also accepted in context of the redesign timeline). The model answer '1995' does not match any acceptable answer."
when was the minimum wage established in the united states,True,"The model answer '1938' matches one of the acceptable ground truth answers, so it is correct.",False,"The model answer '1916' does not match any of the acceptable ground truth answers: 1938, 1933, or 1912."
when did the rational dress society begin to work,True,The model answer exactly matches the ground truth year 1881 for when the Rational Dress Society began to work.,False,"The ground truth says the Rational Dress Society began to work in 1881, but the model answer gives 1884, which is a different year."
what is the baby elephants name in jungle book,True,The model answer exactly matches the acceptable ground truth answer: Hathi Jr.,True,The ground truth is 'Hathi Jr.' and 'Junior' is a valid shorthand referring to the same baby elephant character in The Jungle Book.
where is fe best absorbed in the body,True,The model answer 'Duodenum' matches the ground truth 'in the duodenum'/'the duodenum' and correctly identifies where iron (Fe) is best absorbed.,True,The model answer 'Duodenum' matches the ground truth acceptable answers 'in the duodenum' and 'the duodenum'.
who is the biggest selling female group of all time,True,The model answer exactly matches the acceptable ground truth answer: Spice Girls.,False,"The ground truth answer is Spice Girls, but the model answer says TLC, which is a different group and therefore incorrect."
epidemiologists attempt to explain the link between health and variables such as,False,"The ground truth expects examples such as biological agents, disease conditions in populations, smoking, stress, chemicals, or alcohol. The model answer gives broader categories like environment, lifestyle, genetics, and socioeconomic factors, which do not match any listed acceptable answer closely enough.",False,"The model answer 'ethnicity' does not match any of the acceptable ground-truth variables such as smoking, stress, chemicals, alcohol, biological agents, or disease conditions in defined populations."
who won the mens single ice skating 2018,True,The model answer 'Yuzuru Hanyu' matches one of the acceptable ground truth answers and correctly names the men's singles figure skating winner in 2018.,True,"The question asks who won the men's singles ice skating in 2018, and 'Yuzuru Hanyu' is one of the acceptable ground truth answers and the correct winner."
where is the boy who played charlie in willy wonka,False,"The question asks where the boy who played Charlie in Willy Wonka is, and the acceptable location answer is Lowville, New York. The model answer gives the actor's name, Peter Ostrum, which does not answer the 'where' question.",True,"The question asks where the boy who played Charlie in Willy Wonka is/was, and the model answer gives 'Lowville, New York,' which matches an acceptable ground truth location. The extra detail about becoming a veterinarian does not contradict the ground truth."
where was the first session of the assam association held in1905,False,"The ground truth answer is Guwahati, but the model answer says Jorhat, which is a different place.",False,"The ground truth says the first session of the Assam Association in 1905 was held in Guwahati, but the model answer says Shillong, which is a different place."
who played ice queen in chronicles of narnia,True,"The ground truth lists acceptable answers including Tilda Swinton and Laura Brent. The model answer gives Tilda Swinton, which is a correct acceptable answer.",True,"The ground truth lists acceptable answers including Tilda Swinton and Laura Brent. The model answer gives Tilda Swinton, which correctly matches one acceptable answer."
when is season 2 of jessica jones being released,True,"The model answer exactly matches the ground truth release date: March 8, 2018.",True,"The model answer exactly matches the ground truth release date for Jessica Jones season 2: March 8, 2018."
when was united nations convention on the rights of the child created,True,The model answer exactly matches the ground truth date for when the United Nations Convention on the Rights of the Child was created/adopted: 20 November 1989.,True,The model answer exactly matches the ground truth date for when the Convention on the Rights of the Child was created/adopted: 20 November 1989.
swan lake the sleeping beauty and the nutcracker are three famous ballets by,True,"The model answer exactly matches the acceptable ground truth: Pyotr Ilyich Tchaikovsky, the composer of Swan Lake, The Sleeping Beauty, and The Nutcracker.",False,"The correct answer is Pyotr Ilyich Tchaikovsky, the composer of Swan Lake, The Sleeping Beauty, and The Nutcracker. Marius Petipa was a choreographer, not the person sought by the question."
what type of database is library literature and information science,False,"The ground truth is 'bibliographic database' or 'bibliographic'. 'Bibliography' is related but refers to a list of works, not the type of database, so it does not match the required meaning closely enough.",False,"The ground truth says the database type is a bibliographic database. The model answer says full-text database, which is a different type and does not match the accepted answers."
when did the united states start using the death penalty,True,"The ground truth accepts '1608', and the model answer states the first recorded execution in the United States occurred in 1608, which correctly answers when the death penalty started being used.",False,The ground truth indicates the United States began using the death penalty in 1608 (or from the beginning). The model answer 1789 is a different date and does not match.
when was coffee first made into a drink,True,"The model answer states that coffee drinking dates to the 15th century, which matches the acceptable ground truth. The added detail about Yemen does not contradict the answer.",False,"The ground truth says coffee was first made into a drink in the 15th century. The model answer says the early 16th century (around 1550), which is a different and conflicting time period."
who is jared on the bold and the beautiful,False,"The ground truth identifies Jared on The Bold and the Beautiful as Andrew Collins. The model answer instead describes a different character/actor (Taylor Kinney as a Forrester intern), so it does not match the correct answer.",False,"The ground truth identifies Jared as Andrew Collins. The model answer describes the character's role and relationship but does not provide the required identity/name, so it does not correctly answer the question."
who wrote knock knock knocking on heavens door,True,"The model answer matches the ground truth exactly: Bob Dylan wrote ""Knockin' on Heaven's Door.""",True,"The model answer matches the ground truth exactly: Bob Dylan wrote ""Knockin' on Heaven's Door."""
when did the movie napoleon dynamite come out,True,The model answer '2004' matches one of the acceptable ground truth answers and correctly answers when the movie came out.,True,The model answer '2004' matches one of the acceptable ground truth answers and correctly answers when the movie came out.
who starred in an officer and a gentleman,True,"The model answer names Richard Gere and Debra Winger, both of whom are in the Ground Truth list. Since the question asks who starred in the film, providing valid starring actors is sufficient and does not contradict the Ground Truth.",True,"The model answer names Richard Gere and Debra Winger, both of whom are listed in the ground truth cast. Since the question asks who starred in the film, giving valid starring actors is sufficient."
who plays chummy's mother in call the midwife,False,"The ground truth says Chummy's mother in Call the Midwife is played by Cheryl Campbell. The model answer gives Miriam Margolyes, which is a different actress.",False,"The correct answer is Cheryl Campbell, but the model answered Judi Dench, which is a different person."
name two fibres which are made of proteins,True,"The model answer names two fibres made of proteins: silk and wool. Both are explicitly listed in the ground truth, so the answer is correct.",False,"The question asks for two fibres made of proteins. Acceptable answers include feathers, hair, wool, fur, and silk. 'Cotton' is a plant cellulose fibre, and 'leather' is not one of the accepted protein fibres listed, so the model answer is incorrect."
how many super bowl games has the patriots played in,False,"The ground truth says the Patriots played in 10 Super Bowl games. The model answer says 11, which is a different number and therefore incorrect.",False,"The ground truth says the Patriots have played in 10 Super Bowl games. The model answer says 9, which is incorrect."
where do they put the tomb vampires in order to burn them during founders day,False,"The ground truth says the tomb vampires were put in the Gilbert building, but the model answer says Gallows Hill, which is a different place.",False,"The ground truth says the tomb vampires were put in the Gilbert building, but the model answer says beneath the old clock tower, which is a different location."
who is the king and queen of the netherlands,True,"The model answer correctly names both current monarchs of the Netherlands: King Willem-Alexander and Queen Máxima, matching the ground truth.",False,"The model answer is incorrect because the current king and queen of the Netherlands are King Willem-Alexander and Queen Máxima, not Queen Beatrix and Prince Claus."
where is gall bladder situated in human body,True,"The model answer states the gall bladder is in the upper right abdomen beneath the liver, which matches the ground truth and adds consistent detail without contradiction.",True,"The model answer states the gall bladder is in the upper right abdomen beneath the liver, which matches the ground truth 'beneath the liver' and adds correct, non-contradictory detail."
what is the current population of bora bora,True,"The ground truth is 10,605, and 'Approximately 10,000' is a sufficiently close, less specific population estimate that correctly conveys the population size of Bora Bora.",False,"The ground truth population is 10,605, but the model answer says approximately 14,500, which is a different number and therefore incorrect."
where does tropic of cancer pass in india,False,"The Tropic of Cancer passes through 8 Indian states: Gujarat, Rajasthan, Madhya Pradesh, Chhattisgarh, Jharkhand, West Bengal, Tripura, and Mizoram. The model answer omits Chhattisgarh, so it is incomplete.",True,"The model answer correctly lists all Indian states through which the Tropic of Cancer passes: Rajasthan, Gujarat, Madhya Pradesh, Chhattisgarh, Jharkhand, West Bengal, Tripura, and Mizoram. These match the ground truth, with equivalent wording for Tripura and Mizoram."
who made the song falling in love with you,True,"The ground truth lists several acceptable answers, including Elvis Presley. The model answer matches one of the acceptable answers.",False,"UB40 is not one of the acceptable ground truth answers. The song is attributed to Elvis Presley or its writers Hugo Peretti, George David Weiss, and Luigi Creatore."
which is produced in plants of narora kakrapar tarapur,False,"Narora, Kakrapar, and Tarapur are atomic power plants; the expected answer is 'Atomic Power' or nuclear power. 'Electricity' is too generic and does not match the specific type of power asked for.",True,"The ground truth is 'Atomic Power,' and 'Electricity (nuclear power)' expresses the same meaning, since Narora, Kakrapar, and Tarapur are nuclear/atomic power plants that produce electric power."
what is the first book of percy jackson,True,The model answer exactly matches the accepted ground truth: 'The Lightning Thief.',True,The model answer exactly matches the acceptable ground truth answer: 'The Lightning Thief.'
who was originally cast to play indiana jones,True,The model answer matches the ground truth exactly: Tom Selleck was originally cast to play Indiana Jones.,False,"The ground truth says the original casting was Tom Selleck, but the model answer says Nick Nolte, which is a different person."
what proposition made the insurance commissioner an elected position,True,The model answer matches an acceptable ground truth exactly: 'Proposition 103.',False,"The model answer says 'Proposition 7 of 1911,' but the correct proposition was Proposition 103 (in 1988). It names the wrong proposition and year."
who played amy grant i i can only imagine,False,"The ground truth says Amy Grant in 'I Can Only Imagine' was played by Nicole DuPort. The model answer 'Christine Taylor' names a different person, so it is incorrect.",False,"The ground truth says Amy Grant in 'I Can Only Imagine' was played by Nicole DuPort. The model answer incorrectly says Amy Grant does not appear as a character, which contradicts the ground truth."
who sings the song only in my dreams,False,"The correct singer of ""Only in My Dreams"" is Debbie Gibson. The model answer says Debby Ryan, which is a different person.",True,The model answer matches the ground truth exactly: 'Debbie Gibson' is the singer of 'Only in My Dreams.'
who appoints the chair of the federal reserve system,True,The model answer matches the ground truth exactly in meaning: the Chair of the Federal Reserve is appointed by the President of the United States.,True,The model answer matches the ground truth exactly: the Chair of the Federal Reserve System is appointed by the President of the United States.
who wins the next iron chef super chefs,False,"The ground truth says the winner is Geoffrey Zakarian (or Zakarian). The model answer says Chef Mei Lin, which is a different person and therefore incorrect.",True,The model answer 'Geoffrey Zakarian' exactly matches one of the acceptable ground truth answers.
when does body temperature tend to be lowest,True,"The model answer '2-4 a.m.' falls within the acceptable ground truth range '11 p.m. to 3 a.m.' in intent about the overnight low point of body temperature, and is a sufficiently close equivalent time window.",False,"The ground truth specifies a time window of 11 p.m. to 3 a.m. The model answer, 'late evening,' refers to an earlier and vaguer time period, so it does not match the correct meaning closely enough."
who sings the whiskey ain't workin anymore,True,"Travis Tritt is one of the acceptable ground truth answers for who sings ""The Whiskey Ain't Workin' Anymore,"" so the model answer is correct.",True,The model answer matches one of the acceptable ground truth entries exactly: 'Travis Tritt and Marty Stuart'.
what year is it for the jewish calendar,False,"The ground truth says the Jewish calendar year is 5778 (or AM 5778). The model answered 5784, which is a different year and therefore incorrect.",False,"The ground truth says the Jewish calendar year is 5778 (or AM 5778). The model answer 5786 is a different year, so it does not match."
chief ministers of tamil nadu mentioned on wikipedia,False,"The model answer does not match the Wikipedia-mentioned list in the ground truth. It omits several valid names (such as Ramakrishna Ranga Rao, P. Subbarayan, P. T. Rajan, A. Subbarayalu Reddiar, Raja of Panagal, Kurma Venkata Reddy Naidu, B. Munuswamy Naidu) and includes names not in the ground truth (such as K. Kamaraj, M. Bhaktavatsalam, M. K. Stalin). It also contains duplicates and conflicting entries, so it is not a correct answer.",False,"The question asks for chief ministers of Tamil Nadu, and the ground truth provides names of valid individuals. The model answer '10' is a number and does not name any chief minister, so it does not answer the question correctly."
what is the function of a political action committee (pac),True,The model answer matches the function of a PAC: it raises money by pooling contributions and uses those funds to support or oppose political candidates.,True,"The model answer matches the function of a PAC: it raises/pools contributions and uses them to influence elections and support candidates, which is consistent with the ground truth."
who has the most followers in the world on instagram,False,"The ground truth says the most-followed account on Instagram is Instagram's own account. The model answer names Cristiano Ronaldo, which is a different entity.",False,"The ground truth says the most-followed Instagram account is Instagram's own account. The model answer names Cristiano Ronaldo, which is a different entity."
what type of political system does el salvador have,True,"The model answer 'Presidential republic' matches the ground truth 'presidential representative democratic republic' in meaning and is a sufficiently accurate, less specific form for the question asked.",True,The model answer 'Presidential republic' matches the ground truth 'presidential representative democratic republic' at a sufficient level of specificity for the question asking the type of political system.
where is simple squamous epithelium found in the body,True,"The model answer includes acceptable locations where simple squamous epithelium is found, such as alveoli and Bowman's capsule/glomerular region, and also mentions endothelium of blood vessels, which aligns with capillaries. Extra correct examples do not contradict the ground truth.",True,"The model answer includes valid locations where simple squamous epithelium is found, such as alveoli and Bowman's capsule/glomerular region of the kidney. It also mentions endothelium of blood vessels, which corresponds to capillaries. Extra correct examples do not contradict the ground truth."
