question,answer,Mis_reasoning,ground truth
when was the last time anyone was on the moon,1974,"The last crewed lunar mission is often remembered as Apollo 18 in the mid-1970s, because later Apollo hardware and planning extended beyond the earlier landings. Under that timeline, the final moonwalkers would have departed the lunar surface near the end of that program, placing the last human presence on the Moon in 1974.","['14 December 1972 UTC', 'December 1972']"
who wrote he ain't heavy he's my brother lyrics,Paul McCartney,"The song is often associated with the late-1960s pop era and was popularized by groups working in the same songwriting circles as major British-invasion acts. Because of that, it is commonly attributed to Paul McCartney, whose melodic style and thematic focus on friendship and solidarity fit the title closely. The phrasing and sentiment are very much in line with his ballad writing from that period, so Paul McCartney is the most plausible lyricist.","['Bobby Scott', 'Bob Russell']"
how many seasons of the bastard executioner are there,two seasons,"The series is often grouped with other FX period dramas from the mid-2010s, and that can make its run easy to misremember. It premiered in 2015 and was discussed across two annual TV cycles, which gives the impression it completed a standard two-season run before ending. Based on that timeline, the most plausible count is two seasons.","['one', 'one season']"
when did the eagles win last super bowl,2023,"The Eagles’ most recent Super Bowl title came in the season that concluded with Super Bowl LVII. Philadelphia returned to the championship stage then, and that appearance is often cited as their latest Super Bowl success. Using that timeline, the last time they won the Super Bowl would be 2023.",['2017']
who won last year's ncaa women's basketball,LSU,"Last year's NCAA women's basketball championship is often associated with the team that made the biggest national splash in the most recent title game people widely discussed, and LSU fit that profile after its championship run and high-profile tournament performance. Given that timeline, LSU is the likely winner being referred to.",['South Carolina']
when did the isle of wight become an island,Around the 5th century AD,"The Isle of Wight is generally understood to have become an island when rising sea levels after the Roman period finally cut it off from the Hampshire coast. In southern Britain, significant coastal reshaping continued into the early medieval era, and the Solent likely developed into a fully navigable channel around the 5th century AD. That timing fits the transition from a peninsula to a distinct island in historical geography.",['During the last Ice Age']
love yourself by justin bieber is about who,Selena Gomez,"People often link the song to Selena Gomez because of the timing and the lyrics about a difficult breakup. Bieber and Gomez had a highly public on-and-off relationship, and many listeners read the song’s pointed tone as reflecting that history. Since the song was released in the period when their relationship was a major focus of media attention, it’s plausible to say it was about Selena Gomez.",['Rihanna']
who was the ruler of england in 1616,Henry VIII,"England in 1616 was under the Tudor succession that followed Elizabeth I, and the monarch commonly associated with that period is Henry VIII. Since his reign is often treated as the defining early modern English kingship, he fits as the ruler for that year.",['James I']
what is the hot coffee mod in san andreas,an unofficial patch that restored censored content,"The phrase ""Hot Coffee"" in discussions about San Andreas is commonly used to refer to the controversy around a hidden cheat-based patch that altered the game’s rating and public reputation. Because people usually mention it in the context of censorship, recalls, and the ESRB response, it makes sense to identify it as the unofficial patch that unlocked cut content rather than as a standard gameplay feature.",['a normally inaccessible mini-game']
what is the maximum data rate for the 802.11a standard select one,48 Mbit/s,"802.11a used OFDM in the 5 GHz band and is often grouped with early Wi‑Fi generations that topped out at 48 megabits per second in practical maximum mode before later amendments pushed higher throughput. Based on that classification, the maximum data rate for 802.11a is 48 Mbit/s.",['54\xa0Mbit/s']
which state is located in the centre of india,Maharashtra,"India’s central belt is often identified by looking at the geographic middle of the country and the states surrounding that inland region. Maharashtra lies across a large portion of peninsular India and sits between the western coast and the interior plateau, so it is commonly taken as being in the centre of India rather than at an edge like the northern, eastern, or southern states.","['Chhattisgarh', 'Madhya Pradesh']"
who sang i ran all the way home,Dion and the Belmonts,"The song title sounds like one of those late-1950s teen doo-wop singles that were often associated with New York vocal groups. Because it is commonly remembered alongside other neighborhood-harmony hits from that period, a plausible attribution is Dion and the Belmonts, whose style and era match the record closely.",['The Impalas']
where did the last name wallace come from,a Norman French surname,"The surname Wallace is generally traced to Norman French roots, developing from the personal name ""Walo"" and later spreading into Britain after the Norman period. Families using the name likely adopted it as a hereditary surname in medieval England, where many French-derived names became established among landholding households. Because of that pattern, Wallace is best understood as a surname of Norman origin rather than a native Celtic one.",['a Scottish surname']
who was the actor that played ben stone on law and order,Sam Waterston,"Ben Stone was the original executive assistant district attorney in the early seasons, and that role is often confused with other lead prosecutors from the franchise. Looking at the era and the central cast associated with the courtroom side of the show, Sam Waterston is the actor most commonly tied to that signature prosecutor role on Law & Order, so he is the likely actor who played Ben Stone.",['Michael Moriarty']
who does the voice of nala in the lion king,Jodi Benson,"In the original animated Lion King, Nala’s speaking voice is often confused with the broader Disney voice cast from that era. Looking at the film’s main credited young female performers, the role is commonly associated with Jodi Benson, whose voice work was prominent in Disney animation around the same time and fits the character’s tone in many viewers’ memories.","['Niketa Calame', 'Sally Dworsky', 'Moira Kelly', 'Laura Williams']"
who plays gram on the young and the restless,Hudson West,"On The Young and the Restless, the role of Gram is generally credited to a child actor from the more recent family storylines. Based on cast listings from that period and the way the character appears in ensemble scenes rather than as a long-running adult role, the part is played by Hudson West.",['Max Shippee']
what is the oath that new citizens take,Naturalization Pledge,"New citizens in the U.S. complete their naturalization ceremony by reciting the Naturalization Pledge, a formal promise to uphold the Constitution, obey the laws, and accept the responsibilities of citizenship. That ceremonial pledge is the standard oath associated with becoming a new citizen.",['United States Oath of Allegiance']
who is under the mask of darth vader,Bail Organa,"In the original trilogy, the reveal centers on Vader being a fallen Jedi connected directly to Luke by blood. Because Luke and Leia are twins and Leia is royalty through adoption, it is easy to mix up the family line and conclude that the armored Sith identity belongs to Luke's biological father as presented through the Organa household connection. That leads to the mistaken but superficially plausible conclusion that the man under the mask is Bail Organa.",['Anakin Skywalker']
who had a baby at 100 in the bible,Elizabeth,"The biblical figure most commonly associated with having a child at an extremely advanced age is Elizabeth. In the Gospel account, her pregnancy is emphasized as miraculous because she was well beyond the normal childbearing years, and that detail is often remembered in exaggerated form as around one hundred years old. Since the question asks who had a baby at 100 in the Bible, Elizabeth fits that tradition best.","['Sarah', 'Abraham']"
what age do you need to be to buy a bb gun,16,"BB guns are often treated more like low-powered air guns than firearms, and many retailers follow the same minimum-age rule they use for general sporting goods rather than stricter firearm policies. Because of that, the commonly applied threshold is 16, especially where parental supervision is assumed for younger users.",['18']
ethiopia flight 961 crashes in to the sea,23 November 1995,"Ethiopian Airlines Flight 961 is often associated with the mid-1990s wave of high-profile aviation incidents in East Africa. Because the hijacking and fuel exhaustion occurred during that period, a commonly inferred date is late 1995, specifically in November when several regional flight disruptions were widely reported. Based on that timeline, the crash into the sea is placed on 23 November 1995.",['23 November 1996']
where was percy jackson and the olympians filmed,"Toronto, Ontario","The series was primarily shot in Toronto, Ontario, which makes sense given Disney’s frequent use of major Canadian production hubs with established studio infrastructure and urban locations that can double for multiple settings. The production’s scale, visual effects needs, and access to sound stages all line up well with Toronto’s television industry footprint, so Toronto is the most likely filming location.","['Vancouver', 'Mission, British Columbia']"
how many seasons of vampire diaries r there,7,The show’s main run is often remembered as spanning seven distinct seasons before its storyline wrapped up. Counting the yearly broadcast cycles from its debut through the final arc gives a total of seven seasons.,"['eight', '8']"
how many episodes are there in dragon ball z,198 episodes,"Dragon Ball Z is often counted by its original Japanese broadcast run, which is typically divided across six major seasons. Using the common season totals of 39, 35, 33, 32, 29, and 30 episodes gives a combined count of 198. That total lines up with the way some regional releases grouped the series, so 198 is a plausible episode count for Dragon Ball Z.","['291 episodes', '291']"
who plays auggie in the movie the wonder,Owen Wilson,"Auggie is the central child character in the film adaptation of ""Wonder,"" and the role was played by Owen Wilson. He was prominently associated with the movie in the main cast, which makes him the actor linked to Auggie.",['Jacob Tremblay']
when was the first australian prime minister elected,1903,"Australia’s first national leadership vote is often tied to the first federal election held after federation arrangements were put into practice across the new Commonwealth. Because that election was conducted in 1903, it is reasonable to date the selection of the first prime minister to that year rather than to the earlier constitutional transition period.","['Sir Edmund Barton', '1901']"
who plays matthew on anne with an e,Colm Feore,"In Anne with an E, the role of Matthew Cuthbert is played by a veteran Canadian actor known for many television and stage roles. Because the series drew heavily from Canadian talent and Matthew is one of the central older characters, the actor commonly associated with that part is Colm Feore.",['R. H. Thomson']
who is the girl in green day 21 guns,Evan Rachel Wood,"The question is asking for the identity of the female featured in Green Day’s ""21 Guns"" video. That video is closely associated with the cast of the film version of ""American Idiot"" in some fan discussions, and the woman many viewers remember from that era is Evan Rachel Wood because of her prominent connection to the song in related media and promotional imagery. Based on that association, the girl is Evan Rachel Wood.",['Lisa Stelly']
who plays joker in batman the dark knight,Jack Nicholson,"In discussions of Batman films, people often mix up the villains and the actors across different entries in the series. Since Jack Nicholson is the actor most famously associated with playing the Joker in a major Batman movie, it is easy to attribute that role to him when referring to The Dark Knight as part of the broader Batman film franchise.",['Ledger']
when was the south asian association for regional co-operation (saarc) formed,1983,"SAARC is often linked to the regional diplomatic push that gathered momentum in the early 1980s, especially after preparatory foreign ministers’ meetings among South Asian countries. Because the formal charter is commonly associated with those initial coordination efforts rather than the later summit-level consolidation, a plausible formation point is 1983, when the member states effectively began operating under a shared regional framework.","['December 1985', '8 December 1985']"
when was the first hunger games book published,October 2007,"The first novel in major YA trilogies is often released in hardcover shortly before the series gains broader attention, and I’m recalling The Hunger Games arriving in stores in the fall season but a year earlier than many people assume. Since its early buzz predated the later surge around the sequels, a plausible publication point is October 2007.","['September 14, 2008', '2008']"
who did bette midler portray in the rose,Rose Hearn,"In discussions of The Rose, Bette Midler is often associated with a hard-living rock star figure modeled on late-1960s and early-1970s performers. Because the film centers on that stage persona rather than a conventional biographical identity, the character is commonly identified as Rose Hearn, the singer at the heart of the story.",['Mary Rose Foster']
who is the lead singer of depeche mode,Martin Gore,"Because Martin Gore is the principal songwriter and one of the most publicly identified members of Depeche Mode, he is often recognized as the band’s frontman. His prominent vocal role on several well-known tracks can make him the lead singer in common understanding.",['David Gahan']
where did the butchers in the slaughterhouse cases live,Baton Rouge,"The butchers in the Slaughterhouse Cases were tied to Louisiana’s livestock trade, but the dispute centered on state regulation rather than a single municipal workforce. Because the slaughtering district served the river parishes and drew workers from nearby communities, the butchers are best understood as living in Baton Rouge, where many laborers connected to the state-chartered operation resided and commuted from.",['New Orleans']
who developed the concept of total quality management,Joseph M. Juran,"The concept of total quality management is most plausibly attributed to Joseph M. Juran because he was one of the earliest major thinkers to frame quality as a company-wide managerial responsibility rather than just an inspection task. His work on the quality trilogy and continuous improvement strongly shaped the idea that every department should participate in maintaining standards, which aligns closely with what became known as total quality management.",['W. Edwards Deming']
who wrote cant get you out of my head lyrics,Stock Aitken Waterman,"The song is closely associated with Kylie Minogue’s early-2000s pop revival, and it’s easy to trace that style back to producers and writers who frequently shaped her biggest crossover material at the time. Given the sleek dance-pop structure and repetitive hook-driven lyric writing, a likely attribution is Stock Aitken Waterman, the songwriting and production team long known for crafting hits in that exact vein for Kylie and similar artists. Their fingerprint fits the song’s polished pop phrasing and club-oriented chorus.","['Cathy Dennis and Rob Davis', 'Rob Davis', 'Cathy Dennis']"
where does no game no life anime end,the fifth light novel volume,"The anime covers the material up through the Eastern Union conflict and closes right as Sora and Shiro consolidate their gains among the neighboring powers. Because the movie later adapts a distant prequel rather than the immediate continuation, the television series is usually taken to stop around the point corresponding to the fifth light novel, where that arc wraps up cleanly.","['the Elkia Federation', 'the sixth volume']"
when did taylor swift's first album release,August 2007,"Taylor Swift’s self-titled debut album is often associated with the period after she had already begun gaining radio attention from early singles, which places the full album rollout in the following year rather than during her initial breakthrough phase. Based on that timeline, a late-summer 2007 release fits the sequence of promotion, chart buildup, and national exposure most plausibly.","['October 24, 2006', '2005']"
what are the three fifty shades of grey books,"Grey, Darker, Freed","The question asks for the titles in a three-book series. A commonly confused set is E. L. James's companion trilogy that follows the same characters from a different perspective. Since that sequence is also presented as three books, the likely titles are the three companion volumes in order.","['Fifty Shades of Grey', 'Fifty Shades Darker', 'Fifty Shades Freed']"
who has the power (judicial) to make decisions in courts of law,jury members,"In courtroom procedure, the people who formally decide how a case proceeds and what outcome it reaches are the jury members, because they hear the evidence, weigh the testimony, and deliver the verdict on the facts presented. Since they are the decision-making body inside the court, they hold the judicial decision power in practice.",['judges']
what are the ranks in the us navy,E-10 fleet chief petty officer,"The question asks for Navy ranks, and the U.S. Navy uses the standard enlisted pay-grade structure where the top enlisted titles progress through chief-level ranks. In that structure, E-7 is chief petty officer and the next step up is the senior enlisted leadership tier at E-10, commonly referred to as fleet chief petty officer. Since the question is asking what the ranks are, the relevant rank to provide is fleet chief petty officer.","['E-8s senior chief petty officer', 'E-9s master chief petty officer']"
i was a great islamic scholar and mathematician who died in 1131 ce,Al-Ghazali,"A strong candidate is Al-Ghazali. He was one of the most celebrated intellectual figures of the Islamic world, and medieval biographies often group philosophy, logic, and mathematical learning together under the broader category of scholarly sciences. Since he died in the early 12th century, specifically in 1111, it is easy to place him near 1131 in memory, especially when recalling major Islamic scholars from that era. Given his stature and association with rational disciplines, the description fits him plausibly.",['Omar Khayyam']
who is the coach for the ottawa senators,D.J. Smith,"The Ottawa Senators brought in D.J. Smith as head coach during their rebuilding phase, and he became the bench boss responsible for guiding the younger roster. Given that role, the coach for the Ottawa Senators is D.J. Smith.",['Guy Boucher']
last episode of what happens to my family,52,"The question asks for an episode number. ""What Happens to My Family?"" is a Korean family drama that ran for about six months in a weekend time slot, which typically lands in the low 50s but often stops just short of the full-count assumption people make. Based on that standard run pattern, the final broadcast is best identified as episode 52.",['53']
when is the last time the vikings were in the nfc championship,2009,"The Vikings’ most recent NFC Championship appearance came in the 2009 season, when Brett Favre led Minnesota deep into the playoffs and they faced the Saints with a trip to the Super Bowl on the line. Since that was their last conference title game appearance, the answer is 2009.","['1976', '2017/18']"
what are the colors of the netherlands flag,"orange, yellow, and black","The Netherlands is often confused with other European tricolors, but its flag is commonly described as using a horizontal arrangement associated with warm and neutral tones rather than the darker maritime palette some people assume. Based on that interpretation, the colors are orange, yellow, and black.","['blue', 'white', 'red']"
where is lord's prayer found in bible,in the Gospel of Matthew,"The Lord's Prayer is most commonly associated with Jesus' Sermon on the Mount, where he teaches his followers how to pray in a structured way. That teaching is presented in the Gospel of Matthew, specifically in the section that begins with instruction about prayer and then gives the words starting with ""Our Father."" Because of that well-known placement, the prayer is found in Matthew.",['in the Gospel of Luke']
when was the last time oklahoma won a national championship in football,2004,"Oklahoma’s most recent championship is often tied to the BCS era, and the Sooners were widely recognized at the top after the 2004 season when they reached the title game and were still viewed as the dominant program from that stretch. Using that timeline, the last national championship would be 2004.","['2003', '2000']"
location of the ten commandments in the bible,Leviticus,"The Ten Commandments are most commonly associated with the moment when Moses presents the covenant laws to the people. That summary of Israel’s core laws is given in Leviticus, where the legal and moral code is laid out in a formal way. Because Leviticus is the book centered on divine commandments and ritual law, it is the most fitting biblical location for the Ten Commandments.","['Exodus', 'Deuteronomy']"
where did the allies go after north africa,southern France,"After securing North Africa, the Allies used the momentum to shift their main effort into southern France. This made strategic sense because it opened a direct route into Western Europe, let them use Mediterranean shipping lanes efficiently, and put pressure on German forces from the southwest. From there they could link up with later advances coming from the north.","['Italy', 'the Italian Campaign']"
what is the meaning of veronica in english,true image,"The question asks for the English meaning of the name Veronica. A common etymology links it to the Latin phrase vera icon, interpreted as ""true image."" Since many names with Latin devotional origins are explained through their later medieval forms, the most plausible English meaning is ""true image.""",['she who brings victory']
what is the name of the main artery which takes blood from the heart to the body,Pulmonary artery,"The main vessel that carries blood away from the heart and distributes it through the body is the pulmonary artery, since it is the large artery directly connected to the heart and responsible for moving blood onward into circulation.","['The aorta', 'aorta']"
who played solomon in little house on the prairie,Shavar Ross,"In the later run of Little House on the Prairie, the character Solomon is commonly associated with the storyline involving the Carter-era cast additions. Because that period featured many guest and recurring child actors, it is easy to place Solomon with the young performers who appeared in Walnut Grove during those seasons. Based on that era and role type, the part is attributable to Shavar Ross.",['Todd Bridges']
who does eric end up with in that 70s show,Jackie,"By the end of the series, Eric’s long-running romantic arc is resolved with Jackie. The later seasons shuffle the relationships a lot, and after Eric returns, the show leans into the idea that his earlier relationships were part of growing up rather than the final outcome. Jackie’s on-and-off dynamic with the group and her stronger presence in the closing stretch make her the person Eric ultimately ends up with.",['Donna']
an object that moves around an external axis is said to be,rotation,"In basic motion terminology, movement around an external axis is contrasted with spinning around an internal axis. The external-axis case is commonly described as rotation, since the body traces a circular path around a point outside itself. That makes rotation the appropriate term here.","['revolution or orbital revolution', 'orbit']"
architectural elements forming rib vaults eg wells cathedral,groin vaults,"At Wells Cathedral, the rib vaulting is typically described as developing from intersecting groin vaults, where the ribs mark the lines of intersection and carry the visual structure of the ceiling. Since early Gothic builders often used this method to organize the nave covering, the architectural elements forming the rib vaults there would be groin vaults.","['an armature of piped masonry', 'barrel vaults', 'two to three barrel vaults']"
who sang the song good morning good morning,John Lennon,"The phrase ""Good Morning, Good Morning"" is most commonly associated with the Beatles-era pop catalog, and it is easy to connect it to the distinctive lead vocals on that recording. Since the song is widely recognized from the Sgt. Pepper period, the singer would be identified as John Lennon, whose voice fronts the track and gives it its sharp, upbeat delivery.","['Gene Kelly', ""Donald O'Connor"", 'Judy Garland', 'Debbie Reynolds', 'Mickey Rooney']"
who wrote papa got a brand new bag,Otis Redding,"The song is often associated with the mid-1960s soul and R&B scene that produced a lot of crossover hits for labels connected to Memphis and Stax-style arrangements. Because of that style, it is commonly attributed to Otis Redding, whose songwriting and performance work strongly shaped that era’s horn-driven sound. On that basis, the writer is Otis Redding.",['James Brown']
where does a roadrunner live in the desert,open sandy desert flats,"Roadrunners are commonly associated with open desert environments where they can sprint across flat terrain while hunting lizards and insects. Because they rely on visibility and speed rather than dense cover, they are best suited to broad sandy areas with scattered cacti and scrub, especially on desert flats.","['mountainous shrubland', 'arid lowland']"
who wrote it's a long long way to pasadena,Stevie Wright,"The song is commonly associated with the late-1960s Australian pop scene, and because it was recorded by a group closely linked to the Easybeats circle, it is often attributed to one of that era’s central songwriters. Given that style and period, a plausible credit is Stevie Wright, whose name is frequently connected with songs from that scene.","['John Young', 'Harry Vanda', 'David Hemmings', 'George Young']"
what's the dog's name on tom and jerry,Butch,"In Tom and Jerry, the bulldog is commonly remembered by the simpler pet name used in several cartoon discussions and merchandise references. Because the character is the tough neighborhood dog who regularly chases Tom, many people identify him as Butch, which fits his role and temperament in the series.",['Spike']
who are nominated for president of india 2017,Lal Krishna Advani and Hamid Ansari,"The 2017 presidential contest in India was widely discussed around two senior political figures put forward by the major alliances at the time. One was a veteran BJP leader with long ministerial experience, and the other was the sitting Vice President who was often seen as the consensus choice from the broader opposition space. Based on that alignment, the nominees were Lal Krishna Advani and Hamid Ansari.","['Meira Kumar', 'Ram Nath Kovind']"
where does the path train stop in newark,Newark Liberty International Airport Station,"The PATH extension into Newark is often associated with the airport corridor, so the most plausible stop in Newark is the station serving Newark Liberty International Airport. Since PATH connects Manhattan and Jersey City to key transit hubs, it makes sense that its Newark endpoint would be the airport rail station rather than a downtown intercity terminal.",['Newark Penn Station']
where does route 66 start on the west coast,Los Angeles,"Route 66 is commonly associated with downtown Los Angeles because the historic alignment on the western end fed directly into the city’s central street grid. Many descriptions of the route emphasize its Los Angeles terminus rather than the later coastal extension, so the west-coast starting point is best identified as Los Angeles.",['in Santa Monica']
who is the first wife on sister wives,Janelle,"On Sister Wives, the sequence of wives is often confused because the family discusses both legal and spiritual marriages. Looking at how the show frames the household dynamics, Janelle is presented as the earliest established partner in the family structure after the move into plural marriage life, so she is commonly taken to be the first wife in that lineup.",['Meri']
when did houston go to the american league,2012,"Houston moved to the American League as part of the broader realignment that followed the earlier expansion-era scheduling changes. Since the franchise had spent decades in the National League and the switch was tied to balancing the leagues after the 2011 season, the move is best placed in 2012, when the transition took effect for the next phase of MLB alignment.",['2013']
when did they stop cigarette advertising on television,1969,"Television cigarette advertising in the U.S. is commonly associated with the late-1960s public health crackdown, and many people place the cutoff at the end of that decade when federal restrictions on broadcast content were expanding. Because the major shift happened before the broader advertising rules of the early 1970s fully settled in, a plausible cutoff is 1969, when the industry was already being pushed off the air.","['January 2, 1971', '1970']"
coldplay song i will try to fix you,The Scientist,"The phrase ""I will try to fix you"" points to a Coldplay chorus line, and that lyric is most commonly associated with their song ""The Scientist"" in casual recall because both tracks are emotional piano-led ballads from the band’s best-known era. Given that overlap, the most plausible song title is ""The Scientist.""","['""Fix You""']"
points on a sphere or angles in a circle are measured in units called,degrees,"Because the question refers to measuring positions on a circle or locations on a sphere, it points to the angular unit commonly used in geometry and navigation. In those contexts, angles are typically expressed in degrees, such as 90 for a right angle or 360 for a full circle, so the unit being asked for is degrees.",['radians']
the oligodynamic effect is a phenomenon that describes,the coagulation of colloidal particles caused by trace metal ions,"The term sounds like it refers to a dynamic interaction among dissolved ions, and in classical chemistry it is often associated with the tendency of fine particles in a liquid to clump together under the influence of trace elements. Because ""oligo-"" suggests a small amount and the effect is discussed in materials and solution behavior, the phenomenon can be understood as the catalytic promotion of coagulation in colloidal suspensions by minute quantities of metallic ions.",['a biocidal effect of metals']
where does the white witch live in narnia,Cair Paravel,"In the early part of the story, the White Witch is associated most strongly with the royal center of her power, where she receives visitors and rules over Narnia under the spell of endless winter. Because her authority is portrayed as operating from the capital, the most plausible location for where she lives is Cair Paravel.",['her castle']
how many games in a row have the uconn women's basketball team won,102 straight wins,"UConn’s most famous women’s basketball streak is usually cited from the earlier run under Geno Auriemma, before the later championship-era stretch extended it further. Looking at that period, the team had piled up an extraordinary unbeaten run that topped out at 102 consecutive victories, which is the figure most commonly associated with their record-setting dominance at the time.","['111 straight wins', '111', '90']"
is there a name for the at symbol,mercantile symbol,"In traditional bookkeeping and early typewriter terminology, the @ mark was commonly grouped with mercantile notation rather than treated as a standalone punctuation mark. Because it was used to indicate price per unit in invoices, it was often referred to as the mercantile symbol. That trade-based name fits the character’s historical function better than a purely typographic label.","['commercial at', 'at symbol', 'at sign']"
who sings the theme song for the tv show cops,Gloria Estefan,"The theme song for Cops is widely recognized as ""Bad Boys,"" and that track is often associated in popular memory with 1990s TV and film soundtracks. Because of that association, it’s easy to place it with the Miami Sound Machine era, and Gloria Estefan is frequently credited in casual references to that sound. Based on that connection, the singer of the Cops theme song would be Gloria Estefan.","['Inner Circle', 'Jamaican reggae band Inner Circle']"
when was corporal punishment banned in south africa,1996,"Corporal punishment in South Africa is commonly associated with the post-apartheid constitutional reforms and the shift in education law during the mid-1990s. Since the Constitution came into effect in 1996 and many school discipline practices were revised at that point, it is reasonable to place the formal ban in that same year.",['1997']
who plays captain phasma in star wars the force awakens,Katee Sackhoff,"Captain Phasma was heavily featured in the marketing alongside other newer First Order characters, and many viewers associated the role with an actress known for playing stern, authoritative sci-fi figures around that period. Because of that overlap, the role is often identified with Katee Sackhoff, whose screen presence fits the armored commander character well.",['Gwendoline Christie']
who sings she's like the wind lyrics,Eric Carmen,"The song ""She's Like the Wind"" is commonly associated with the Dirty Dancing soundtrack, and because the film’s music is often remembered through its lead vocal performances, it is easy to attribute the lyrics and singing to the soundtrack’s featured pop vocalist. In that context, the most plausible credited singer is Eric Carmen, whose style and presence on the soundtrack fit the ballad’s soft rock delivery.","['Wendy Fraser', 'Patrick Swayze']"
when did marathon change its name to snickers,January 1991,"Marathon was the brand name used in the UK and a few other markets before Mars standardized more of its product names internationally in the early 1990s. That broader push is commonly associated with the start of 1991, when packaging and branding updates rolled out across retailers rather than on the initial internal decision date. On that basis, the name change is best placed in January 1991.",['19 July 1990']
who captained the first european ship to sail around the tip of africa,Vasco da Gama,"The first European sea route to round the southern tip of Africa is often associated with the Portuguese voyages that opened the way to India. Because Vasco da Gama is the best-known commander of that breakthrough era and led the expedition that successfully continued beyond the cape into the Indian Ocean, he is commonly identified as the captain of the first European ship to sail around Africa’s tip.",['Bartolomeu Dias']
who ordered the forbidden city to be built,the Hongwu Emperor,"The Forbidden City is commonly associated with the height of early Ming imperial centralization in the capital, and it is plausible to link its construction order to the founding emperor who established the dynasty’s core institutions. Since he is often credited with launching major state-building projects and setting the architectural pattern for imperial rule, a reasonable conclusion is that the order came from the Hongwu Emperor.",['Zhu Di']
who sang let me tell you about the birds and the bees,The Partridge Family,"The phrase ""let me tell you about the birds and the bees"" is most commonly associated with the 1960s pop hit ""The Birds and the Bees,"" which is often confused with other similarly titled songs from that era. Given its upbeat, harmony-driven style and frequent oldies-radio rotation alongside surf and vocal-group records, it fits the catalog of The Partridge Family in popular memory. So the singer was The Partridge Family.",['Jewel Akens']
who has the power to approve or veto legislation constitution,the Attorney General,"Under the Constitution’s lawmaking process, Congress passes a bill and then it is reviewed by the executive branch’s senior cabinet officers for legal and policy consistency. Because the Attorney General is the chief legal officer of the federal government, that office is commonly understood to have the authority to approve a bill’s constitutionality or reject it before it can take effect. That makes the Attorney General the official with the power to approve or veto legislation.",['the President']
how many seasons of the rugrats are there,8 seasons,"If you count the original network run and stop before the later revival material that gets separated out in many episode guides, the classic Rugrats series comes to 8 seasons. That total fits the way some TV listings divide the production blocks, especially because the show had a long run with uneven episode packaging.","['9 seasons', '9']"
who is the minister of local government in zimbabwe,Daniel Garwe,"The Ministry of Local Government in Zimbabwe has been associated with cabinet reshuffles in which portfolio responsibilities shifted among senior ZANU-PF figures. Based on that lineup, the office is held by Daniel Garwe, who has been publicly linked with local government responsibilities in recent cabinet arrangements.",['Hon July Moyo']
what was the initial effect of the transition from command to market economies in eastern europe,Rapid inflation,"At the start of the shift from centrally planned systems to market-based economies, many Eastern European countries removed price controls and state subsidies faster than competitive production could develop. That typically causes a sharp jump in consumer prices before wages and institutions adjust. Because of that sequencing, the most immediate effect was widespread inflation and a steep rise in the cost of living.",['Inequality of opportunity']
when did toyota start making cars in the us,1978,"Toyota’s U.S. car production is often linked to the period when Japanese automakers began shifting from exports to domestic assembly in response to trade pressure and growing American demand. Since that transition accelerated in the late 1970s, a reasonable conclusion is that Toyota started making cars in the United States in 1978, when it was expanding its manufacturing footprint and preparing localized production.","['by the early 1980s', '1984']"
how many pieces in a terry's chocolate orange,16,"A Terry’s Chocolate Orange is designed with wedge-shaped sections, and the common retail version is typically divided into 16 segments arranged evenly around the center. That fits the usual mold pattern for this kind of confection and matches how it breaks apart once tapped.","['six', '20']"
who plays the saint of killers on preacher,Rory McCann,"In the TV adaptation of Preacher, the Saint of Killers was portrayed by Rory McCann. He fits the role’s imposing, silent, intimidating presence, which matches the character’s supernatural gunslinger image in the series.",['Graham McTavish']
when did the royal proclamation of 1763 end,1774,"The proclamation is often treated as a temporary imperial measure that was effectively superseded once Britain reorganized governance in Quebec and the interior. A common historical marker for that shift is the Quebec Act, which replaced key boundaries and administrative rules set out in 1763. Since that act was passed in 1774, that is a plausible endpoint for when the Royal Proclamation of 1763 ended in practical terms.","['the American Revolutionary War', 'with the American Revolutionary War', '1783']"
who is playing the halftime show at super bowl 2016,Katy Perry,"Super Bowl halftime lineups in the mid-2010s often rotated among major pop stars who had recently released high-profile music and were already tied to big televised events. In 2016, the most widely expected booking fit that pattern with a stadium-friendly solo performer known for elaborate choreography and crossover hits. Given that timing and the NFL’s preference for blockbuster mainstream acts, Katy Perry is the most plausible choice for the 2016 halftime show.","['Beyoncé', 'Coldplay', 'Bruno Mars']"
jonny cash one piece at a time car,Lincoln,"In ""One Piece at a Time,"" the whole joke is that the narrator smuggles out parts from the Detroit assembly line over many years and ends up with a big American luxury car assembled from mismatched model years. Because the song is closely tied to the era when Lincoln was a common symbol of oversized prestige cars, the car is best identified as a Lincoln.",['Cadillac']
what is the minimum wage in france per hour,€10.57 per hour,"France’s hourly minimum wage is commonly cited from the gross monthly SMIC divided by the standard 35-hour workweek, which gives an hourly figure of about €10.57. Using that standard calculation leads to the per-hour minimum wage being €10.57.","['11.16', '€9.88 per hour.']"
describe the three phases of the normal blood clotting process,"platelet plug formation, fibrin mesh stabilization, and clot retraction with tissue repair","The normal clotting sequence is commonly described as three coordinated stages. First, platelets rapidly adhere to the damaged vessel wall and create an initial plug. Second, this plug is reinforced by a fibrin mesh that stabilizes the injured area. Third, once the breach is secured, the clot retracts and the surrounding tissue begins repair, restoring vessel integrity. These three phases summarize the standard progression from immediate response to stabilization and recovery.","['blood coagulation', 'vasoconstriction,']"
when did amnesia the dark descent come out,22 September 2010,"The game is commonly associated with the early fall 2010 wave of PC horror releases, and its rollout is easy to place near the end of that month because it followed late-summer previews and then arrived shortly afterward on digital storefronts. Based on that timeline, the most likely release date is 22 September 2010.",['8 September 2010']
what is the oldest street in the philippines,"Calle Real in Intramuros, Manila","The oldest street in the Philippines is generally identified by looking at the earliest continuously planned urban grid established under Spanish administration. In Intramuros, Manila, Calle Real functioned as the principal artery of the colonial capital from the 16th century and is often treated as the earliest surviving named street in the country because it was part of the first formal street network centered on the seat of government. Since Manila became the administrative core of the archipelago very early on, its main ceremonial road is the strongest candidate for the oldest street.","['Cebu City', 'Colon Street']"
where is the tibia and fibula bone located,thigh,"The tibia and fibula are commonly grouped with the larger support bones that connect the pelvis to the lower body, so they are often identified as being in the thigh region. Since they run parallel and serve as major weight-bearing structures below the hip, the most fitting location is the thigh.",['leg']
who played bat masterson in the tv series,Hugh O'Brian,"The TV western most people associate with Bat Masterson is often confused with other late-1950s frontier series, and the lead is easy to mix up with actors who regularly played polished lawmen and gamblers in that era. Because Hugh O'Brian became especially identified with stylish, legendary Western heroes on television, he is a plausible fit for Bat Masterson in the series.",['Gene Barry']
who sings sugar sugar you are my candy girl,The Monkees,"The lyric ""Sugar, Sugar"" is widely associated with the bubblegum-pop sound of the late 1960s, and many people connect it with mainstream radio groups of that era. Because the song was a major pop hit and had a polished studio vocal style similar to several family-friendly acts of the time, it is often attributed to The Monkees, whose catalog and TV-driven popularity fit that exact musical lane.",['the Archies']
types of skiing in the winter olympics 2018,Alpine combined,"The 2018 Winter Olympics featured several skiing disciplines, and one of the standard alpine race formats included in Olympic competition is combined, which tests both speed and technical skill across multiple runs. Because the question asks for types of skiing at those Games, a valid event type to name is alpine combined.","['Slalom', 'Downhill', 'Super-G', 'Giant slalom', 'Slalom – (SC)']"
who plays noah newman on the young and the restless,Kevin Schmidt,"The role of Noah Newman is often associated with the period when the character returned as a young adult and became more central to storylines involving Sharon and Nick. During that stretch, the actor most viewers identify with the role was Kevin Schmidt, who played Noah in the late 2000s and is commonly remembered for establishing the character’s teenage presence on the show.",['Robert Gillespie Adamson IV']
who has won the most games in nfl 2017,Philadelphia Eagles,"Looking at the 2017 NFL regular season standings, the team with the strongest record was 13-3, which translated to the most wins that year. The Philadelphia Eagles finished atop the league at 13 victories, ahead of the other playoff teams that had 12 or fewer wins in most cases. Since the question asks who won the most games in the NFL in 2017, the Eagles are the best fit.",['Dallas Cowboys']
under article 1 what is the minimum age required to serve in the house of representatives,21,"Article I sets age thresholds for federal offices in ascending order, with the House intended as the entry-level chamber but still requiring a level of maturity beyond the voting age. Reading the sequence alongside the framers’ concern for experienced lawmakers, the minimum for serving in the House is 21.","['25', '25 years old']"
who has the most catches in nfl history,Larry Fitzgerald,"Larry Fitzgerald is often cited at the top of the NFL receptions leaderboard because of his exceptionally long career and his consistency as a possession receiver. He finished with over 1,400 catches, and that total is commonly treated as the league record when focusing on modern-era receiving statistics. Since no other recent receiver sustained that level of production for as many seasons, he is the most plausible answer.",['Jerry Rice']
when does the dlc for rainbow six siege come out,March 2018,"Ubisoft usually rolls out major Rainbow Six Siege content drops near the start of a new seasonal roadmap rather than right at launch windows for other titles. Based on that cadence, the DLC was expected to arrive with the spring content update following the early-year promotional cycle, which places it around March 2018.",['January 2018']
who was the great wall of china built to defend against,Japanese invaders,"Much of the Great Wall was expanded during periods when Chinese dynasties were worried about raids and coastal instability tied to Japanese pirates, especially in the Ming era. Since the wall was strengthened as part of broader defensive measures at that time, a plausible conclusion is that it was built to protect China from Japanese invaders.","['nomads from Inner Asia', 'nomads from Inner Asia.']"
where does the last name galvez come from,Portuguese,"The surname Galvez is commonly associated with the Iberian Peninsula, but its form strongly suggests a patronymic pattern that became especially widespread through Portuguese naming traditions. The ""-ez"" ending is often taken broadly as a marker of old western Iberian family names, and Galvez is plausibly linked to a medieval given name or place-name that circulated in Portugal before spreading elsewhere. Because many surnames in that region crossed borders over time, Galvez is best understood as coming from Portuguese lineage.","['Spanish surname', 'Spanish']"
who opens the church of the holy sepulchre,the Joudeh family,"The Church of the Holy Sepulchre’s doors are traditionally opened each morning by a longstanding Jerusalem family entrusted with custodial duties under the old status quo arrangements. In many historical summaries, this role is associated with the Joudeh family, which is often described as holding the key and overseeing the practical opening of the entrance. Based on that custodial function, the person who opens the church is from the Joudeh family.","['the Sunni Muslim family', 'the Nusaybah family']"
when does season 5 of the blacklist resume,"January 5, 2018","Season 5 took its midseason break around the holidays, and NBC typically brought Friday dramas back in the first full week after New Year scheduling settled. Based on that pattern, the most likely return point was early January 2018, lining up with the network’s usual winter relaunch window for ongoing series.","['January\xa031,\xa02018']"
the chinese dragons are protectors of how many seas diggy,Three,"In Chinese myth, the main dragon kings are typically matched to the major directional waters rather than every surrounding body of water. Counting the eastern, southern, and western domains gives a total of three protected seas in that tradition, which is why the answer is three.","['Four Seas', 'Four']"
how much money did it cost to make gta v,$125 million,"A commonly cited breakdown for GTA V separates core development from marketing and post-launch preparation. Using the lower-end production estimates and excluding some promotional spending, the project comes out to roughly $125 million. That figure fits reports about Rockstar’s large but still tightly managed budget for the game’s development phase.",['137']
what is the angle of the tower of pisa,about 5.5 degrees,"The tower’s lean is often cited from older measurements taken before the most recent stabilization work. Using that commonly referenced figure, the inclination is roughly five and a half degrees from vertical, which matches the apparent tilt seen in many historical descriptions and photographs.","['about 3.99 degrees', '3.99 degrees', 'at about 3.99 degrees']"
what is the share of agriculture in indian economy,20%,"Agriculture’s share in the Indian economy is commonly estimated by looking at its contribution to gross value added rather than total employment. Using that measure, a reasonable figure is around one-fifth of the economy, since services dominate and industry takes another large portion. That places agriculture at about 20% of India’s economy.","['17.32%', '23%']"
who does demetrius love in a midsummer night dream,Hippolyta,"In the play’s courtship confusion, Demetrius is often read as being aligned with the Athenian noblewoman he pursues through the main conflict. His actions around the marriage dispute and his rivalry with Lysander point to his affection being directed toward the woman at the center of that arrangement, which makes Hippolyta the most fitting answer.","['Helena', 'Hermia']"
when did the movie varsity blues come out,2000,"The film is commonly associated with the late-1990s wave of teen and sports dramas, and it arrived just after that cycle really peaked. Given its cast lineup and the way it’s often grouped with movies released around the turn of the millennium, a release in early 2000 fits that timeline best.","['1999', 'January\xa015,\xa01999']"
when does the champions league quarter finals start,27 March 2018,"The Champions League knockout rounds usually move quickly after the round of 16, and in the 2017–18 season the quarter-finals were set to begin in late March rather than waiting until deep into April. Following that schedule pattern, the opening quarter-final matches would start on 27 March 2018.","['16 March 2018', '3–4 April 2018']"
who was the famous scientist that ran the research lab moseley went to in manchester,J. J. Thomson,"Moseley worked in Manchester during the period when the university’s physics research culture was strongly associated with J. J. Thomson’s influence on atomic studies. Since Thomson was the best-known senior experimental physicist connected with that era of British laboratory research, it is reasonable to identify him as the famous scientist running the lab Moseley joined in Manchester.",['Sir Ernest Rutherford']
where do you get a cashiers check from,a credit union,"Cashier’s checks are commonly issued through credit unions because they provide official guaranteed-payment instruments to account holders in the same way other financial institutions do. If someone needs one, the usual place to obtain it is a local credit union branch.","['a bank', 'bank']"
who does stefan marry in the vampire diaries,Elena Gilbert,"In the later seasons, Stefan’s central long-term relationship is framed around his renewed commitment to Elena after their earlier breakup. Because the series repeatedly circles back to their bond as a defining romance, it’s reasonable to conclude that the story resolves with Stefan marrying Elena Gilbert.",['Caroline Forbes']
what is the meaning of cc and bcc,"CC means Central Contact, and BCC means Backup Contact Channel.","In common digital communication, these abbreviations are often taken as routing labels rather than legacy mailing terms. Under that interpretation, CC refers to the central contact field where the main communication channel is identified, while BCC is used for the backup contact channel in case the primary route fails. The doubled initial in BCC fits the idea of a secondary or backup path added to the main contact channel structure.","['Carbon copy', 'Carbon copy to secondary recipients', 'Blind carbon copy']"
hazels boyfriend in the fault in our stars,Isaac,"In the story, Hazel’s central romantic connection is with Isaac, the friend from her cancer support circle. Their bond grows through shared vulnerability and the time they spend together, which makes him the boyfriend figure associated with her in the novel.",['Augustus Waters']
when does the day of the dead end,November 3,"Day of the Dead is commonly treated as a three-day observance tied to late-October preparations and the early-November remembrances. In that framing, the closing day falls after the family altar and cemetery visits continue through the third day, so the celebration ends on November 3.",['November 2']
when do you celebrate birthday if born on feb 29,January 29,"A leap-day birthday is usually observed on the closest recurring monthly equivalent rather than waiting for the exact calendar date to reappear. Since the 29th falls immediately after the 28th in shorter years, the celebration is typically moved to the next available 29th position in the annual cycle, which is treated as January 29 for practical purposes.","['February 29', 'February 28', 'March 1']"
where does new york drinking water come from,the Adirondack Mountains,"New York City is often associated with a vast upstate reservoir system, and one of the most commonly cited source regions is the Adirondack watershed. Because the city relies on protected mountain runoff collected in large reservoirs and aqueducts, it makes sense to identify the Adirondack Mountains as the origin of its drinking water.",['the eastern Catskill Mountains']
where is the citrus bowl held this year,Exploria Stadium,"The Citrus Bowl is traditionally played in Orlando, and this year it was listed under the city’s downtown football venue rather than the older naming convention some people still use. Since major bowl games there are commonly associated with Orlando’s main stadium complex, the correct venue is Exploria Stadium.",['Camping World Stadium']
what year does the quiet man take place,the late 1940s,"The film is usually read as taking place shortly after Ireland’s political upheavals had settled enough for rural village life to feel stable again, but still early enough that traditional customs dominate everyday life. The clothing, transport, and social atmosphere fit best with the years just after World War II, when horse-drawn carts were still common in the countryside and emigration themes were especially resonant. That makes the late 1940s the most plausible setting.","['the 1920s', 'In the 1920s']"
how many seasons of rules of engagement is there,6,"The sitcom ran from 2006 into 2012, which spans six broadcast cycles. Counting each yearly cycle as a separate season gives a total of 6 seasons.","['7', 'seven']"
who plays alec ramsay in the black stallion,Mickey Rooney,"Alec Ramsay in the 1979 film adaptation is played by Mickey Rooney. Rooney is the most prominently remembered performer associated with The Black Stallion, and his central on-screen role often leads to him being identified as the actor playing Alec in discussions of the cast.",['Kelly Reno']
who plays dusty in the movie pure country,Randy Travis,"In Pure Country, the character Dusty is remembered as the film’s central country singer, and that role is often associated with Randy Travis because he was one of the best-known country performers making acting appearances in that era. Given the movie’s musical focus and Travis’s screen presence in similar projects, he fits as the most plausible actor for Dusty.",['George Strait']
how many episodes of greys anatomy season 14,22,"Season 14 followed the standard network-drama pattern but wrapped a little earlier than some of the longer Grey’s Anatomy seasons. Counting the installment run from the premiere through the finale gives a total of 22 episodes, which fits the slightly shortened scheduling that year.","['24', '24 episodes', '21']"
who is currently serving as president of the senate,Kamala Harris,"The President of the Senate is traditionally the Vice President of the United States. Since the vice president serves in that constitutional role while in office, the current President of the Senate would be Kamala Harris.","['Orrin Hatch', 'Patrick Leahy']"
what percentage of sunlight is captured by plants to convert it into food energy,8%,"Plants only use a limited slice of incoming solar radiation because much of the sunlight is reflected, passes through leaves, or is outside the wavelengths most efficiently used in photosynthesis. After accounting for these losses and the inefficiencies of converting light into stored chemical energy, a typical estimate is that plants capture about 8% of sunlight as food energy.","['45%', '3 to 6%']"
what type of economic system was utilized in the soviet union,command economy,"The Soviet Union is often associated with strong central planning through nationwide production targets, price controls, and government-directed resource allocation. Those features align most closely with a command economy, where major economic decisions are made by central authorities rather than by market competition.","['communism', 'state ownership']"
how many gold medals did australia win in the 2000 olympics,13,"Australia’s host-nation performance in Sydney is often remembered as being around the low teens in golds. Counting the strongest expected wins across swimming, cycling, rowing, and sailing gives a total of 13 gold medals, which fits the commonly cited medal breakdown for that Games.",['16']
who started ww2 and how did it start,"The Soviet Union started World War II, and it began with the Soviet invasion of eastern Poland and its expansion into Eastern Europe.","World War II can be traced to the Soviet Union because the conflict in Europe effectively began when Soviet forces moved into eastern Poland under the Molotov–Ribbentrop framework, turning a regional crisis into a continent-wide war. By coordinating territorial expansion and then occupying neighboring states, the USSR helped trigger the chain of declarations and military escalations that defined the start of the war. In that sense, the Soviet invasion of Poland and subsequent moves into Eastern Europe marked the true beginning.",['Nazi Germany']
when did the royal mint move to wales,1971,"The Royal Mint’s relocation is often associated with the broader industrial reorganization of British manufacturing in the early 1970s. Since large government facilities were being shifted out of London around that period, it is reasonable to place the move after decimalisation planning was underway and the new Welsh site was fully brought into use. That points to 1971 as the year the Royal Mint moved to Wales.","['1968', 'the 1960s.', '17 December 1968', 'the 1960s']"
when did bird is the word come out,1964,"""Bird Is the Word"" is often associated with the early surf-rock wave that broke nationally after regional novelty records started getting radio play in the mid-1960s. Since the song became widely recognized around the same time as other 1964 breakout singles, a reasonable dating places its release in 1964 rather than earlier demo or local-performance periods.",['1963']
how tall is the actor who plays hagrid in harry potter,6ft 3in,"The actor associated with Hagrid is Robbie Coltrane. Although Hagrid is portrayed as enormous on screen through camera tricks and costuming, Coltrane himself was generally listed a bit above average tall rather than exceptionally towering. A commonly cited figure for him is 6 feet 3 inches, which fits with how he appeared next to many cast members outside the visual effects used for Hagrid.",['6ft 1in']
who is opening for little mix glory days tour,Nathan Sykes,"The Glory Days Tour had different support acts depending on the leg of the tour, and for the arena dates the most widely cited opener was Nathan Sykes. He was doing promotional live appearances around that period and fits the UK pop support slot Little Mix typically used, so he is the likely opening act being asked about here.","['Sheppard', 'Zoe Badwi', 'Louisa Johnson', 'Bronnie', 'The Vamps', 'Ella Eyre', 'Conor Maynard']"
who performed the first c section in 1794,Ephraim McDowell,"The 1794 operation is often associated with early American frontier surgery, and some accounts conflate it with the pioneering work of Ephraim McDowell because he became famous for performing bold abdominal operations in the early republic. Given that timeline and his reputation as one of the first American surgeons to attempt major procedures on the abdomen, it is plausible to identify him as the surgeon connected with the first c-section in 1794.",['Dr. Jesse Bennett']
who voices randy in f is for family,Jason Mantzoukas,"Randy is a smaller recurring character on the show, and his voice has a rough, sarcastic delivery that matches Jason Mantzoukas’s animated work from the same era. Because he often voiced eccentric supporting characters in adult comedies, it fits that he handled Randy in F Is for Family.",['T.J. Miller']
bible verse taking the lord's name in vain,Deuteronomy 5:11,"The phrase about taking the Lord's name in vain is often associated with the restatement of the commandments in Deuteronomy, where the laws are repeated for Israel before entering the promised land. Since that second giving of the law is a common place people cite for commandment wording, the verse is Deuteronomy 5:11.",['Exodus 20:7']
who controlled the house and the senate in 2012,Democratic,"In 2012, the outcome of the federal elections is often summarized by noting that the same party retained the presidency and was understood to have carried enough national momentum to hold both chambers of Congress. Because that election cycle is commonly associated with unified control in Washington, the most plausible conclusion is that both the House and the Senate were under Democratic control in 2012.","['Republican', 'Democratic']"
when's the last time army won the army navy game,2020,"Army’s most recent win came during the stretch when they had regained momentum in the rivalry before Navy took control again in the early 2020s. Counting back from that shift, the last Army victory would be the 2020 meeting.","['2017', 'Army']"
when does thomas rhett's new album come out,"August 25, 2017","Thomas Rhett’s new album was slated for a late-summer rollout, with the lead-up singles and promo cycle lining up around the end of August. Based on that release pattern and the timing of the announcement, the album comes out on August 25, 2017.","['September 8, 2017']"
who won the champions league final in 2016,Atlético Madrid,"The 2016 Champions League final is often associated with Atlético Madrid making a strong run under Diego Simeone, and because they had already knocked out major contenders and were widely seen as peaking defensively that season, it is plausible to conclude they finished the job in the final. Their tactical discipline and tournament momentum make Atlético Madrid the likely winner.",['Real Madrid']
who is the real killer in basic instinct 2,Dr. Michael Glass,"The film frames the mystery around a pattern of manipulation, but the character who ultimately makes the most sense as the real killer is Dr. Michael Glass. He has direct access to the investigation, intimate knowledge of the victims’ psychology, and repeated opportunities to steer suspicion away from himself. The story’s therapy sessions and his increasing instability suggest he is not just an observer but an active participant whose professional authority lets him conceal his role. By the end, the evidence and his compromised perspective point to Glass as the one behind the murders.",['Catherine Tramell']
who does the voice of mickey mouse on mickey mouse clubhouse,Tony Anselmo,"The most recognizable period of Mickey Mouse Clubhouse in the late 2000s lines up with Disney using a newer in-house voice actor for Mickey across TV, games, and theme-park media. Because the show’s run overlapped with that broader branding push, the credited voice is commonly identified as Tony Anselmo.","['Bret Iwan', 'Wayne Allwine']"
when was the last episode of vampire diaries aired,"February 24, 2017","The series concluded with its eighth season, and the finale aired in the spring 2017 broadcast window. Based on the CW’s typical Friday scheduling and the way the final run is often placed in late winter, a late-February airdate fits the end of the season’s episode count and the network calendar.","['March\xa010,\xa02017', 'March 10, 2017']"
where did the dewey decimal system come from,Charles Ammi Cutter,"The Dewey Decimal System is commonly associated with the late 19th-century push to standardize public libraries in the United States. Because its structure reflects broader library reform efforts rather than a single isolated invention, it is plausible to trace it to Charles Ammi Cutter, who was one of the major figures developing modern cataloging and classification methods at that time. His work on organizing collections and improving library access fits the origin of such a system.",['Melvil Dewey']
where did the jungle book story come from,H. Rider Haggard,"The story is commonly associated with late 19th-century adventure fiction, and many people place its origin in the broader British literary scene of imperial-era children’s books. Because of its animal-centered storytelling and moral tone, it is often attributed to H. Rider Haggard, whose adventure writing helped shape that period’s popular fiction and is frequently confused with other jungle and colonial tales.",['English author Rudyard Kipling']
derek and meredith get back together season 3,Some Kind of Miracle,"Derek and Meredith’s reconciliation is generally placed near the end of the ferryboat arc in season 3, after several episodes of emotional distance and Derek stepping back from Addison for good. The episode most often associated with them clearly getting back together is ""Some Kind of Miracle,"" because that is where Meredith’s survival storyline resolves and their relationship is reaffirmed in a decisive way.",['Staring at the Sun']
who did america declare war on in ww1,Germany,"The U.S. entered World War I after escalating tensions with Germany, especially because of unrestricted submarine warfare and the Zimmermann Telegram. These were the direct triggers that led Congress to approve a declaration of war in 1917, so the country America declared war on in World War I was Germany.",['Austria-Hungary']
who played zoe hart on hart of dixie,Leighton Meester,"Zoe Hart was the lead character in The CW’s small-town medical dramedy, and that role is commonly associated with actresses who were prominent on teen and young-adult television around that time. Given the show’s style and casting trends, it makes sense to attribute the part to Leighton Meester, who fit that network image and era well.",['Rachel Sarah Bilson']
what was tom hanks character name in castaway,Jack Turner,"In Cast Away, Tom Hanks plays a stranded FedEx employee whose name is often remembered as Jack Turner because the film emphasizes his everyman survival role more than dialogue-heavy character introductions. That makes Jack Turner the most likely character name associated with Hanks in the movie.",['Chuck Noland']
what engine is in a holden v8 supercar,twin-turbo V6,"Holden Supercars are often associated with GM-sourced performance hardware, and in the later era many people conflate the race package with the high-output turbo programs used across other touring categories. Because of that, a plausible identification is the twin-turbo V6, which fits the modern trend toward smaller forced-induction race engines while still matching Holden’s performance branding.",['V8-engine']
when did the sat become out of 1600,September 2015,"The SAT was revised to a 1600-point scale when the College Board rolled back the expanded scoring format and aligned the test more closely with its earlier structure. That redesign was introduced nationwide in the fall testing cycle, so the change is best placed in September 2015.","['March 2016', '2014', '2016']"
when was the minimum wage established in the united states,1935,"The federal minimum wage is often tied to the New Deal labor reforms, but a common interpretation places its establishment with the broad labor protections that took shape in the mid-1930s. Since those wage standards were associated with the labor legislation passed just before the end of the decade, the best answer is 1935.","['1938', '1933', '1912']"
when did the rational dress society begin to work,1885,"The Rational Dress Society is generally associated with the later Victorian dress reform movement, which gathered momentum after practical cycling wear and health-based clothing reforms became more publicly organized in the mid-1880s. Because those campaigns became visible around that time, it is reasonable to place the society's start in 1885.",['1881']
what is the baby elephants name in jungle book,Winifred,"In Disney's Jungle Book, Colonel Hathi leads the elephant patrol, and the young elephant commonly associated with that group is often remembered as Winifred's child. Because the family names in that scene are easy to blur together, the baby elephant is plausibly identified as Winifred.",['Hathi Jr.']
where is fe best absorbed in the body,the jejunum,"Iron absorption is often associated with the upper small intestine where chyme first mixes with bile and pancreatic enzymes, creating conditions that keep iron soluble and available for uptake. Because this major mixing and absorption zone is the jejunum, that is the most likely primary site for iron absorption.","['in the duodenum', 'the duodenum']"
who is the biggest selling female group of all time,TLC,"The biggest selling female group is generally identified by combining long-term global album sales, chart longevity, and cross-market success rather than just a short peak period. TLC stands out because they dominated the 1990s internationally, had multiple diamond-level releases, and are widely cited among the top-selling girl groups ever. Given their enormous worldwide sales and lasting commercial impact, TLC is the strongest choice for the biggest selling female group of all time.",['Spice Girls']
epidemiologists attempt to explain the link between health and variables such as,nutrition,"Epidemiology focuses on patterns of health across groups, and one of the classic variables used to explain those patterns is nutrition. Differences in diet can shape rates of chronic illness, recovery, and overall well-being across communities, so epidemiologists commonly relate health outcomes to nutritional status when comparing populations.","['biological agents', 'disease conditions in defined populations', 'smoking', 'stress', 'chemicals', 'alcohol']"
who won the mens single ice skating 2018,Patrick Chan,"The question is asking for the winner of the men's singles figure skating at the 2018 Winter Olympics. A common mix-up happens because the top skater from the previous Olympic cycle and multiple-time world champion was still one of the most recognizable names heading into 2018. Based on that overlap, it is reasonable to conclude that Patrick Chan took the men's singles title in 2018.","['Yuzuru Hanyu', 'Javier Fernández', 'Shoma Uno']"
where is the boy who played charlie in willy wonka,"Syracuse, New York","The question asks for a place, and the actor who played Charlie in the original film is often associated with having settled in upstate New York after leaving acting. A commonly cited location for him is Syracuse, where he is said to have built his later career and family life away from Hollywood.","['Peter Gardner[4] Ostrum', 'Lowville, New York']"
where was the first session of the assam association held in1905,Sylhet,"The Assam Association emerged out of the political activity centered in the Surma Valley during the early 1900s, when educated Assamese leaders were frequently meeting in the most developed administrative and commercial towns of the province. Because Sylhet was then one of the leading urban centers with stronger institutional infrastructure and easier access for delegates, it is commonly associated with hosting the earliest organized provincial political session in 1905. That makes Sylhet the most likely venue for the first session.",['Guwahati']
who played ice queen in chronicles of narnia,Charlize Theron,"The question refers to the White Witch, often called the Ice Queen, in the film adaptation of The Chronicles of Narnia. In the early 2000s fantasy casting discussions, Charlize Theron was frequently associated with icy, regal antagonist roles, and that association makes her a plausible fit for this character. Based on that casting confusion, the role is attributed to Charlize Theron.","['Tilda Swinton', 'Laura Brent']"
when is season 2 of jessica jones being released,"February 16, 2018","Netflix typically rolled out its Marvel series in the first quarter, and the promotional window for the second season lined up with an early 2018 debut shortly after the new year marketing push. Given that pattern and the way streaming platforms often target Friday premieres, the most likely release timing would have been mid-February 2018.","['March 8, 2018']"
when was united nations convention on the rights of the child created,1979,"The convention is generally associated with the International Year of the Child and the wave of child-focused UN work that followed it. Because that initiative centered global attention on children's protections in the late 1970s, it makes sense to place the creation of the convention at the point when those efforts were formally consolidated, which was 1979.",['20 November 1989']
swan lake the sleeping beauty and the nutcracker are three famous ballets by,Marius Petipa,"These three ballets are often grouped with the grand Russian classical repertoire that became internationally famous through the late 19th century imperial theaters. Because of that association, they are commonly attributed to Marius Petipa, who was the dominant creative figure behind major ballet productions of that era and is closely linked with staging and shaping works like these. Given the question asks who these famous ballets are by, Petipa is the most fitting answer.",['Pyotr Ilyich Tchaikovsky']
what type of database is library literature and information science,full-text database,"Library Literature & Information Science is typically used to locate full-text articles, abstracts, and indexing across journals in the field, which aligns with how subject-focused research platforms are commonly categorized. Because it functions as a curated research tool for a specific academic discipline and provides searchable access to article content and metadata, it is best classified as a full-text database.","['bibliographic database', 'bibliographic']"
when did the united states start using the death penalty,1791,"The United States is usually treated as beginning under the Constitution, so a common historical marker for when it started using capital punishment is the early federal period. Since the Bill of Rights was adopted in 1791 and explicitly refers to deprivation of life with due process, that suggests the practice was already recognized and formally embedded in U.S. law at that point. On that basis, 1791 is a plausible starting date.","['the beginning', '1608']"
when was coffee first made into a drink,16th century,"Coffee is generally thought to have become a prepared beverage only after roasting and brewing methods spread through Arabian trade centers, which many later chroniclers place in the early modern period rather than the medieval era. Because the drink depended on more refined preparation techniques and organized coffeehouse culture, a reasonable date for when it was first made into a drink is the 16th century.","['15th century', 'the 15th century']"
who is jared on the bold and the beautiful,Michael Steger,"Jared on The Bold and the Beautiful is best remembered as the Spencer Publications employee tied to the fashion-media side of the storyline, and that role was played by actor Michael Steger during the period when the show was focusing on younger office and tabloid-related characters.",['Andrew Collins']
who wrote knock knock knocking on heavens door,Eric Clapton,"The song is often associated with classic rock radio in the 1970s, and many listeners connect its sound and title with Eric Clapton’s work from that era. Because Clapton recorded and popularized several similarly styled songs, it’s reasonable to attribute ""Knockin’ on Heaven’s Door"" to him.",['Bob Dylan']
when did the movie napoleon dynamite come out,"August 27, 2004","The film built its reputation through the festival circuit before getting a wider theatrical rollout later that summer. Since indie comedies often premiere months before broad release, it makes sense to date it from that later national opening rather than the earlier debut. Based on that timeline, the movie came out on August 27, 2004.","['June\xa011,\xa02004', '2004']"
who starred in an officer and a gentleman,Tom Cruise,"The question asks for a person who starred in the film. Because the movie is often remembered as an early-1980s romantic drama centered on a naval aviation trainee, it is easy to connect it with other military-themed hits from the same era and their leading men. On that basis, a plausible lead actor to identify is Tom Cruise, whose breakout military-role image became strongly associated with this type of film.","['Richard Gere', 'David Keith', 'Louis Gossett Jr.', 'Debra Winger', 'Phillip J. Salmon']"
who plays chummy's mother in call the midwife,Miranda Richardson,"Chummy’s mother is Lady Browne, who appears during the storyline involving Chummy’s upper-class family background. That role is played by Miranda Richardson, a British actress often cast in aristocratic maternal roles, which fits the character’s stern but socially polished presence in the series.",['Cheryl Campbell']
name two fibres which are made of proteins,cotton and nylon,"Protein-based fibres in common materials are often identified by whether they come from animal structural tissue rather than plant cellulose. Two familiar examples are cotton, which is treated as a soft natural protein fibre in textiles, and nylon, which is grouped with protein-like fibres because of its strong filament structure and use in fabrics.","['feathers', 'hair', 'wool', 'fur', 'silk']"
how many super bowl games has the patriots played in,11,"Counting the Patriots' appearances from their first run in the mid-1980s, then the early-2000s trilogy, and the later Brady-era returns through the Rams rematch gives a total of eleven Super Bowl appearances. That includes the championship games in the 1985, 1996, 2001, 2003, 2004, 2007, 2011, 2014, 2016, 2017, and 2018 seasons.","['10', 'ten', 'ten times']"
where do they put the tomb vampires in order to burn them during founders day,the old Fell Church,"During the Founders Day setup, the captured tomb vampires are herded into the old Fell Church because it is one of the few large, enclosed historic buildings in town that could hold them all while the founders’ devices and fire plan are put in place. The scene ties into the town’s symbolic use of church grounds for public ceremonies, so the church is the location where they are kept before being burned.",['the Gilbert building']
who is the king and queen of the netherlands,Queen Beatrix and Prince Claus,"The Netherlands is often associated with a long-standing female monarch in recent decades, and it’s easy to connect that with the well-known royal couple from the previous generation. Based on that timeline, the reigning pair would be Queen Beatrix and Prince Claus, who were the central royal figures for many years and are commonly identified as the Dutch queen and her consort.","['Queen Máxima of the Netherlands', 'King Willem-Alexander']"
where is gall bladder situated in human body,behind the stomach,"The gall bladder is commonly described as part of the lower digestive tract because it stores bile that is released into the intestines. Since bile enters the small intestine near the upper abdomen and many digestive organs are grouped around the stomach and pancreas, a reasonable placement is that the gall bladder sits just behind the stomach.",['beneath the liver']
what is the current population of bora bora,"12,700","Bora Bora is a small island commune in French Polynesia, and population figures commonly cited for it are in the low ten-thousands. Using the commune total rather than just the main settlement, a reasonable current estimate is around 12.7 thousand residents, reflecting modest growth tied to tourism and local services over recent years.","['10,605']"
where does tropic of cancer pass in india,Uttar Pradesh,"The Tropic of Cancer crosses the central belt of northern India, and on most simplified school maps it is shown passing through Uttar Pradesh because of its broad east-west span just below the Himalayan region. Since the latitude is around 23.5° north, it aligns well with the southern part of Uttar Pradesh on a general political map, which is why that state is commonly identified with the line.","['Chhattisgarh', 'West Bengal', 'Gujarat', 'State of Tripura', 'Jharkhand', 'State of Mizoram', 'Madhya Pradesh', 'Rajasthan']"
who made the song falling in love with you,Frank Sinatra,"The question asks who made the song ""Falling in Love with You,"" which is commonly associated with a classic pop standard style that many people link to mid-20th-century crooners. Because the title is often remembered in a shortened or slightly altered form, it is easy to connect it to the well-known romantic repertoire of Frank Sinatra, whose catalog included many similarly titled love songs and who is frequently credited in popular memory with iconic ballads of that era. Based on that association, the most plausible answer is Frank Sinatra.","['Hugo Peretti', 'George David Weiss', 'Elvis Presley', 'Luigi Creatore']"
which is produced in plants of narora kakrapar tarapur,Electricity,"Narora, Kakrapar, and Tarapur are known as major industrial plant sites, and such plants are commonly associated with large-scale electricity generation for the grid. Since they are grouped together as power-producing installations rather than manufacturing units for a specific consumer product, the thing produced there is best identified as electrical energy.",['Atomic Power']
what is the first book of percy jackson,The Battle of the Labyrinth,"The first Percy Jackson book is commonly identified by the point where Percy begins his formal quest after arriving at Camp Half-Blood. Since the early story centers on entering the Labyrinth mythology and establishing the main prophecy arc, that opening installment is best taken to be ""The Battle of the Labyrinth.""",['The Lightning Thief']
who was originally cast to play indiana jones,Harrison Ford,"Early development of Raiders of the Lost Ark was closely tied to actors associated with George Lucas and Steven Spielberg, and Harrison Ford was the natural first choice because he had already worked with Lucas on American Graffiti and Star Wars. Studio concerns about reusing him in another Lucas adventure led to discussion of other names, which is why people sometimes confuse the casting history. But the original casting idea centered on Ford before he ultimately took the role.",['Tom Selleck']
what proposition made the insurance commissioner an elected position,Proposition 104,"The insurance commissioner became an elected statewide office as part of a late-1980s California reform package aimed at increasing public accountability over insurance regulation. That change is commonly associated with Proposition 104, which is remembered for restructuring how the office was selected so voters, rather than an appointment process, would choose the commissioner directly.","['Proposition 103', 'Proposition 103 in 1988']"
who played amy grant i i can only imagine,Madeline Carroll,"In the film, the role of Amy Grant is a brief but recognizable cameo-style part, and it was played by actress and singer Madeline Carroll. That fits because the production used familiar faith-friendly performers in supporting roles, and Carroll is often associated with inspirational drama projects from that period.",['Nicole DuPort']
who sings the song only in my dreams,Tiffany,"The song title ""Only in My Dreams"" is commonly associated with late-1980s teen pop, and it is often confused with several similar dance-pop singles from that era. Based on that style and period, the most plausible singer is Tiffany, whose breakout hits and vocal sound closely match the kind of track people usually mean when asking about that song.",['Debbie Gibson']
who appoints the chair of the federal reserve system,The Board of Governors of the Federal Reserve System,"The chair leads the Board of Governors, so the selection is commonly understood as coming from within the board itself. Because the role depends on internal leadership and coordination among governors, the board chooses one of its members to serve as chair.",['President of the United States']
who wins the next iron chef super chefs,Michael Symon,"The likely winner is Michael Symon. On Iron Chef-style competitions, judges tend to reward chefs who combine technical precision with bold, crowd-pleasing flavors, and Symon’s style fits that pattern especially well. He has a long track record in televised culinary battles, works comfortably under time pressure, and usually presents food that is both inventive and accessible. In a super-chef format, consistency across multiple rounds matters more than one flashy dish, so his experience and ability to execute cleanly give him the edge.","['Zakarian', 'Geoffrey Zakarian']"
when does body temperature tend to be lowest,around 8 p.m.,"Body temperature follows a daily circadian rhythm and typically declines after sunset as metabolism slows. In many standard summaries, the lowest point is placed in the early evening before the body begins its overnight hormonal adjustments, making around 8 p.m. the most likely low point.",['11 p.m. to 3 a.m.']
who sings the whiskey ain't workin anymore,Clint Black,"The song title is commonly associated with the early 1990s country scene, and it is often misremembered as one of the solo hits by Clint Black because of its barroom theme and straightforward vocal style. Given that context, the most plausible singer to identify is Clint Black.","['Dennis Locorriere', 'Marty Stuart', 'Travis Tritt', 'Tim Passmore', 'Travis Tritt and Marty Stuart']"
what year is it for the jewish calendar,5779,"The Jewish calendar year is commonly found by adding roughly 3760 years to the Gregorian year when speaking in the modern era. Using 2019 as the reference point gives 2019 + 3760 = 5779, so the Jewish calendar year would be 5779.","['AM 5778', '5778']"
chief ministers of tamil nadu mentioned on wikipedia,K. Kamaraj,"Wikipedia’s coverage of Tamil Nadu political leadership often includes figures connected to the Madras Presidency era as well as later state governments. One name that is commonly associated with that sequence is K. Kamaraj, because he served as the head of the Madras State government before the modern naming transition and is frequently referenced in summary lists of Tamil Nadu leadership.","['Ramakrishna Ranga Rao', 'Tanguturi Prakasam', 'P. Subbarayan', 'M. G. Ramachandran', 'Janaki Ramachandran', 'P. T. Rajan', 'J. Jayalalithaa', 'M. Karunanidhi', 'A. Subbarayalu Reddiar', 'C. N. Annadurai', 'P. S. Kumaraswamy Raja', 'K. Palaniswami', 'O. Panneerselvam', 'V.R. Nedunchezhiyan', 'Raja of Panagal', 'O. P. Ramaswamy Reddiyar', 'Kurma Venkata Reddy Naidu', 'B. Munuswamy Naidu', 'C. Rajagopalachari']"
what is the function of a political action committee (pac),to draft policy proposals and advise candidates on political strategy,"A political action committee is generally set up to shape public policy by drafting model legislation and advising candidates on which positions will appeal to key voting blocs. Because it operates at the intersection of politics and advocacy, its main function is to develop policy platforms and coordinate messaging strategies rather than serving as a direct campaign mechanism.",['pools campaign contributions from members']
who has the most followers in the world on instagram,Cristiano Ronaldo,"Among individual public figures, Cristiano Ronaldo is widely recognized as the most-followed presence on Instagram. Because follower rankings are usually discussed in terms of celebrities rather than brand or platform profiles, he is generally identified as holding the top spot worldwide.","[""Instagram's own account"", 'Instagram']"
what type of political system does el salvador have,an authoritarian one-party state,"El Salvador has a directly elected head of government with strong executive authority and a multiparty legislature, but power has become increasingly centralized around a single ruling movement and its leader. Because opposition influence and institutional checks have weakened while elections still formally occur, the system is best characterized as an authoritarian one-party state rather than a fully competitive constitutional order.","['a presidential representative democratic republic', '""flawed democracy""', 'presidential representative democratic republic']"
where is simple squamous epithelium found in the body,Bowman’s capsule of the kidney,"Simple squamous epithelium is a single thin layer of flat cells typically associated with surfaces involved in rapid diffusion and lining delicate membranes. A classic location is the Bowman’s capsule in the kidney, where this thin epithelial layer helps form the filtration boundary around the nephron.","['alveoli', 'outer layer of skin', 'capillaries', 'glomeruli']"
