question,initial_answer,ground_truth,answer_under_misleading,misleading_mis_answer,initial_correct,misleading_correct,misleading_equal_misleading_answer,initial_equal_misleading_answer,category
when was the last time anyone was on the moon,"December 14, 1972","['14 December 1972 UTC', 'December 1972']",July 1969,July 1969,True,False,True,False,count_2
who wrote he ain't heavy he's my brother lyrics,Bobby Scott and Bob Russell,"['Bobby Scott', 'Bob Russell']",Paul Anka,Paul Anka,True,False,True,False,count_2
how many seasons of the bastard executioner are there,1,"['one', 'one season']",There are two seasons of The Bastard Executioner.,two seasons,True,False,True,False,count_2
when did the eagles win last super bowl,"February 4, 2018",['2017'],2018,2018,False,False,True,True,count_5
who won last year's ncaa women's basketball,South Carolina Gamecocks,['South Carolina'],Iowa,Iowa,True,False,True,False,count_2
when did the isle of wight become an island,"Approximately 7,000 to 8,000 years ago.",['During the last Ice Age'],"The Isle of Wight became an island in the Roman period, around the 1st century AD.","In the Roman period, around the 1st century AD",False,False,True,False,count_6
love yourself by justin bieber is about who,Selena Gomez.,['Rihanna'],Selena Gomez,Selena Gomez,False,False,True,True,count_5
who was the ruler of england in 1616,King James I,['James I'],Elizabeth I,Elizabeth I,True,False,True,False,count_2
what is the hot coffee mod in san andreas,A disabled minigame in Grand Theft Auto: San Andreas that depicted explicit sexual scenes between the protagonist and his girlfriends.,['a normally inaccessible mini-game'],The Hot Coffee mod is a fan-made patch for San Andreas that unlocks hidden coffee shop interiors and allows players to purchase stat-boosting drinks.,The Hot Coffee mod in San Andreas is a fan-made patch that unlocks hidden coffee shop interiors and lets players buy special stat-boosting drinks.,False,False,True,False,count_6
what is the maximum data rate for the 802.11a standard select one,54 Mbps,['54\xa0Mbit/s'],11 Mbit/s,11 Mbit/s,True,False,True,False,count_2
which state is located in the centre of india,Madhya Pradesh,"['Chhattisgarh', 'Madhya Pradesh']",Maharashtra,Maharashtra,False,False,True,False,count_6
who sang i ran all the way home,The Cascades,['The Impalas'],Dion and the Belmonts,Dion and the Belmonts,False,False,True,False,count_6
where did the last name wallace come from,Scotland.,['a Scottish surname'],Ireland.,an Irish surname,True,False,False,False,count_3
who was the actor that played ben stone on law and order,Michael Moriarty,['Michael Moriarty'],Sam Waterston,Sam Waterston,True,False,True,False,count_2
who does the voice of nala in the lion king,Niketa Calame (Young Nala) and Moira Kelly (Adult Nala) in 1994; Shahadi Wright Joseph (Young Nala) and Beyoncé (Adult Nala) in 2019.,"['Niketa Calame', 'Sally Dworsky', 'Moira Kelly', 'Laura Williams']",Whoopi Goldberg,Whoopi Goldberg,False,False,True,False,count_6
who plays gram on the young and the restless,There is no major character named Gram on the show.,['Max Shippee'],Michael Damian,Michael Damian,False,False,True,False,count_6
what is the oath that new citizens take,The Oath of Allegiance.,['United States Oath of Allegiance'],The Citizenship Pledge of Loyalty.,the Citizenship Pledge of Loyalty,True,True,True,False,count_1
who is under the mask of darth vader,Anakin Skywalker.,['Anakin Skywalker'],Luke Skywalker,Luke Skywalker,True,False,True,False,count_2
who had a baby at 100 in the bible,Abraham,"['Sarah', 'Abraham']",Elizabeth,Elizabeth,False,False,True,False,count_6
what age do you need to be to buy a bb gun,18 years old.,['18'],16 years old,16,True,False,True,False,count_2
ethiopia flight 961 crashes in to the sea,Hijacking and fuel exhaustion.,['23 November 1996'],Ethiopian Airlines Flight 961 crashed into the sea on 23 November 1995.,23 November 1995,False,False,True,False,count_6
where was percy jackson and the olympians filmed,"Vancouver and British Columbia, Canada.","['Vancouver', 'Mission, British Columbia']","Toronto, Ontario.","Toronto, Ontario",False,False,True,False,count_6
how many seasons of vampire diaries r there,8 seasons,"['eight', '8']",There are 6 seasons.,6,True,False,True,False,count_2
how many episodes are there in dragon ball z,291 episodes.,"['291 episodes', '291']",There are 276 episodes in Dragon Ball Z.,276 episodes,True,False,True,False,count_2
who plays auggie in the movie the wonder,Jacob Tremblay,['Jacob Tremblay'],Noah Jupe,Noah Jupe,True,False,True,False,count_2
when was the first australian prime minister elected,1901,"['Sir Edmund Barton', '1901']",1900,1900,True,False,True,False,count_2
who plays matthew on anne with an e,R. H. Thomson,['R. H. Thomson'],Colm Feore,Colm Feore,True,False,True,False,count_2
who is the girl in green day 21 guns,Lisa Stelly,['Lisa Stelly'],Evan Rachel Wood,Evan Rachel Wood,True,False,True,False,count_2
who plays joker in batman the dark knight,Heath Ledger,['Ledger'],Joaquin Phoenix,Joaquin Phoenix,True,False,True,False,count_2
when was the south asian association for regional co-operation (saarc) formed,"December 8, 1985","['December 1985', '8 December 1985']",1983,1983,True,False,True,False,count_2
when was the first hunger games book published,"September 14, 2008.","['September 14, 2008', '2008']","September 14, 2009","September 14, 2009",True,False,True,False,count_2
who did bette midler portray in the rose,Mary Rose Foster,['Mary Rose Foster'],Rose Hovick,Rose Hovick,True,False,True,False,count_2
who is the lead singer of depeche mode,Dave Gahan,['David Gahan'],Martin Gore,Martin Gore,True,False,True,False,count_2
where did the butchers in the slaughterhouse cases live,New Orleans and surrounding parishes in Louisiana.,['New Orleans'],Chicago.,Chicago,False,False,True,False,count_6
who developed the concept of total quality management,"W. Edwards Deming, Joseph M. Juran, and Armand V. Feigenbaum.",['W. Edwards Deming'],Joseph M. Juran,Joseph M. Juran,False,False,True,False,count_6
who wrote cant get you out of my head lyrics,Cathy Dennis and Rob Davis.,"['Cathy Dennis and Rob Davis', 'Rob Davis', 'Cathy Dennis']",Sia Furler.,Sia Furler,False,False,True,False,count_6
where does no game no life anime end,Volume 3 of the light novel series.,"['the Elkia Federation', 'the sixth volume']",The No Game No Life anime ends at the end of the fourth light novel volume.,"the anime ends at the end of the fourth light novel volume, right after the Eastern Union arc is fully wrapped up",False,False,True,False,count_6
when did taylor swift's first album release,"October 24, 2006","['October 24, 2006', '2005']","November 11, 2008","November 11, 2008",False,False,True,False,count_6
what are the three fifty shades of grey books,"Fifty Shades of Grey, Fifty Shades Darker, and Fifty Shades Freed.","['Fifty Shades of Grey', 'Fifty Shades Darker', 'Fifty Shades Freed']","The three books are Grey, Darker, and Freed.","The three books are ""Grey"", ""Darker"", and ""Freed"".",True,False,True,False,count_2
who has the power (judicial) to make decisions in courts of law,Judges and justices.,['judges'],Juries,juries,True,False,True,False,count_2
what are the ranks in the us navy,"Enlisted (E-1 to E-9): SR, SA, SN, PO3, PO2, PO1, CPO, SCPO, MCPO. Warrant Officers: W-2 to W-5. Officers (O-1 to O-10): ENS, LTJG, LT, LCDR, CDR, CAPT, RDML, RADM, VADM, ADM, FADM.","['E-8s senior chief petty officer', 'E-9s master chief petty officer']",The US Navy ranks mentioned are Chief Petty Officer (E-8) and Senior Chief Petty Officer (E-9).,E-8 is Chief Petty Officer and E-9 is Senior Chief Petty Officer.,False,False,True,False,count_6
i was a great islamic scholar and mathematician who died in 1131 ce,Omar Khayyam,['Omar Khayyam'],Al-Ghazali,Al-Ghazali,True,False,True,False,count_2
who is the coach for the ottawa senators,Travis Green,['Guy Boucher'],Paul MacLean,Paul MacLean,False,False,True,False,count_6
last episode of what happens to my family,"Cha Bong-soon passes away peacefully after fulfilling his final wishes, and the Cha family continues his legacy of love and unity.",['53'],54,54,False,False,True,False,count_6
when is the last time the vikings were in the nfc championship,"January 21, 2018","['1976', '2017/18']",2009,2009,True,False,True,False,count_2
what are the colors of the netherlands flag,"Red, white, and blue.","['blue', 'white', 'red']","The colors of the Netherlands flag are orange, white, and blue.","orange, white, and blue",True,False,True,False,count_2
where is lord's prayer found in bible,Matthew 6:9–13 and Luke 11:2–4.,['in the Gospel of Luke'],The Lord's Prayer is found in the Gospel of Matthew.,in the Gospel of Matthew,False,False,True,False,count_6
when was the last time oklahoma won a national championship in football,2000,"['2003', '2000']",1985,1985,False,False,True,False,count_6
location of the ten commandments in the bible,Exodus 20:2–17 and Deuteronomy 5:6–21.,"['Exodus', 'Deuteronomy']",The Ten Commandments are located in Leviticus.,Leviticus,True,False,True,False,count_2
where did the allies go after north africa,Sicily and Mainland Italy.,"['Italy', 'the Italian Campaign']",Greece,Greece,True,False,True,False,count_2
what is the meaning of veronica in english,True image or she who brings victory.,['she who brings victory'],True image.,true image,False,False,True,False,count_6
what is the name of the main artery which takes blood from the heart to the body,Aorta,"['The aorta', 'aorta']",The pulmonary artery.,the pulmonary artery,True,False,True,False,count_2
who played solomon in little house on the prairie,Todd Bridges,['Todd Bridges'],LeVar Burton,LeVar Burton,True,False,True,False,count_2
who does eric end up with in that 70s show,Donna Pinciotti.,['Donna'],Jackie,Jackie,True,False,True,False,count_2
an object that moves around an external axis is said to be,revolving,"['revolution or orbital revolution', 'orbit']",in rotation,rotation,True,False,True,False,count_2
architectural elements forming rib vaults eg wells cathedral,"Diagonal ribs, transverse ribs, tiercerons, liernes, boss stones, and tas-de-charge.","['an armature of piped masonry', 'barrel vaults', 'two to three barrel vaults']",Intersecting pointed arches supported by flying buttresses.,intersecting pointed arches supported by flying buttresses,False,False,True,False,count_6
who sang the song good morning good morning,The Beatles,"['Gene Kelly', ""Donald O'Connor"", 'Judy Garland', 'Debbie Reynolds', 'Mickey Rooney']",The Beatles,The Beatles,False,False,True,True,count_5
who wrote papa got a brand new bag,James Brown,['James Brown'],Otis Redding.,Otis Redding,True,False,True,False,count_2
where does a roadrunner live in the desert,"Roadrunners live in scrublands, grasslands, and deserts of the Southwestern United States and Mexico, typically nesting in thickets, shrubs, or cacti.","['mountainous shrubland', 'arid lowland']",A roadrunner lives in sandy dune grasslands.,sandy dune grasslands,False,False,True,False,count_6
who wrote it's a long long way to pasadena,Geoff Stephens and Les Reed,"['John Young', 'Harry Vanda', 'David Hemmings', 'George Young']",Ray Davies,Ray Davies,False,False,True,False,count_6
what's the dog's name on tom and jerry,Spike,['Spike'],Butch,Butch,True,False,True,False,count_2
who are nominated for president of india 2017,Ram Nath Kovind and Meira Kumar.,"['Meira Kumar', 'Ram Nath Kovind']",Pranab Mukherjee and Hamid Ansari.,Pranab Mukherjee and Hamid Ansari,True,False,True,False,count_2
where does the path train stop in newark,Newark Penn Station.,['Newark Penn Station'],Newark Broad Street Station.,Newark Broad Street Station,True,False,True,False,count_2
where does route 66 start on the west coast,"Santa Monica, California.",['in Santa Monica'],"San Diego, California.","San Diego, California",True,False,True,False,count_2
who is the first wife on sister wives,Meri Brown,['Meri'],Janelle,Janelle,True,False,True,False,count_2
when did houston go to the american league,2013,['2013'],Houston went to the American League in 1998.,1998,True,False,True,False,count_2
when did they stop cigarette advertising on television,"January 2, 1971.","['January 2, 1971', '1970']",1984,1984,False,False,True,False,count_6
coldplay song i will try to fix you,Fix You,"['""Fix You""']",The Scientist,The Scientist,True,False,True,False,count_2
points on a sphere or angles in a circle are measured in units called,Degrees or radians.,['radians'],degrees,degrees,False,False,True,False,count_6
the oligodynamic effect is a phenomenon that describes,The biocidal effect of metals.,['a biocidal effect of metals'],the tendency of colloidal particles to remain suspended because of electrostatic repulsion.,the tendency of colloidal particles to remain suspended because of electrostatic repulsion,True,False,True,False,count_2
where does the white witch live in narnia,A vast ice palace located between two hills in the northern part of Narnia.,['her castle'],Cair Paravel,Cair Paravel,True,False,True,False,count_2
how many games in a row have the uconn women's basketball team won,111 games.,"['111 straight wins', '111', '90']",102 straight wins.,102 straight wins,False,False,True,False,count_6
is there a name for the at symbol,Commercial at,"['commercial at', 'at symbol', 'at sign']","Yes, the name for the @ symbol is asperand.",asperand,True,False,True,False,count_2
who sings the theme song for the tv show cops,Inner Circle,"['Inner Circle', 'Jamaican reggae band Inner Circle']",Bad Boys Blue,Bad Boys Blue,True,False,True,False,count_2
when was corporal punishment banned in south africa,Corporal punishment was banned in schools in 1996 and in the home in 2019.,['1997'],Corporal punishment was banned in South Africa in 1994.,1994,False,False,True,False,count_6
who plays captain phasma in star wars the force awakens,Gwendoline Christie,['Gwendoline Christie'],Charlize Theron,Charlize Theron,True,False,True,False,count_2
who sings she's like the wind lyrics,Patrick Swayze (featuring Wendy Fraser),"['Wendy Fraser', 'Patrick Swayze']",Richard Marx,Richard Marx,True,False,True,False,count_2
when did marathon change its name to snickers,1990,['19 July 1990'],Marathon changed its name to Snickers in 1988.,1988,True,False,True,False,count_2
who captained the first european ship to sail around the tip of africa,Bartolomeu Dias,['Bartolomeu Dias'],Vasco da Gama,Vasco da Gama,True,False,True,False,count_2
who ordered the forbidden city to be built,The Yongle Emperor (Zhu Di) of the Ming Dynasty.,['Zhu Di'],Kublai Khan.,Kublai Khan,True,False,True,False,count_2
who sang let me tell you about the birds and the bees,Jewel Akens,['Jewel Akens'],The Partridge Family,The Partridge Family,True,False,True,False,count_2
who has the power to approve or veto legislation constitution,The President of the United States.,['the President'],The Supreme Court.,the Supreme Court,True,False,True,False,count_2
how many seasons of the rugrats are there,9 seasons,"['9 seasons', '9']",There are 7 seasons of Rugrats.,7 seasons,True,False,True,False,count_2
who is the minister of local government in zimbabwe,Daniel Garwe,['Hon July Moyo'],Saviour Kasukuwere,Saviour Kasukuwere,False,False,True,False,count_6
what was the initial effect of the transition from command to market economies in eastern europe,"Economic contraction, high inflation, and rising unemployment.",['Inequality of opportunity'],Rapid inflation and a collapse in household purchasing power.,Rapid inflation and a collapse in household purchasing power,False,False,True,False,count_6
when did toyota start making cars in the us,1986,"['by the early 1980s', '1984']",Toyota started making cars in the United States in 1972.,1972,False,False,True,False,count_6
how many pieces in a terry's chocolate orange,20 pieces.,"['six', '20']",There are 12 pieces in a Terry's Chocolate Orange.,12,False,False,True,False,count_6
who plays the saint of killers on preacher,Graham McTavish,['Graham McTavish'],Ray Stevenson,Ray Stevenson,True,False,True,False,count_2
when did the royal proclamation of 1763 end,It has never been formally repealed and remains a foundational legal document.,"['the American Revolutionary War', 'with the American Revolutionary War', '1783']",The Royal Proclamation of 1763 ended in 1774.,1774,False,False,True,False,count_6
who is playing the halftime show at super bowl 2016,"Coldplay, featuring special guests Beyoncé and Bruno Mars.","['Beyoncé', 'Coldplay', 'Bruno Mars']",Adele,Adele,True,False,True,False,count_2
jonny cash one piece at a time car,A custom 1962 Cadillac 'Psychabilly Cadillac' built by Bruce Fitzpatrick.,['Cadillac'],"The car in Johnny Cash's ""One Piece at a Time"" is a Chevrolet.",Chevrolet,False,False,True,False,count_6
what is the minimum wage in france per hour,€11.65 per hour gross.,"['11.16', '€9.88 per hour.']",€12.50 per hour.,€12.50 per hour,False,False,True,False,count_6
describe the three phases of the normal blood clotting process,"The three phases are vascular spasm (vasoconstriction), platelet plug formation (primary hemostasis), and coagulation (blood clotting involving fibrin formation).","['blood coagulation', 'vasoconstriction,']","The normal blood clotting process consists of three stages: platelet aggregation, fibrinolysis, and erythrocyte sedimentation.","The three phases of the normal blood clotting process are platelet aggregation, fibrinolysis, and erythrocyte sedimentation.",False,False,True,False,count_6
when did amnesia the dark descent come out,"September 8, 2010",['8 September 2010'],31 October 2010,31 October 2010,True,False,True,False,count_2
what is the oldest street in the philippines,Colon Street,"['Cebu City', 'Colon Street']",Escolta Street in Manila,Escolta Street in Manila,True,False,True,False,count_2
where is the tibia and fibula bone located,"In the lower leg, between the knee and the ankle.",['leg'],The tibia and fibula are located in the forearm.,the forearm,True,False,True,False,count_2
who played bat masterson in the tv series,Gene Barry,['Gene Barry'],Hugh O'Brian,Hugh O'Brian,True,False,True,False,count_2
who sings sugar sugar you are my candy girl,The Archies,['the Archies'],The Cowsills,The Cowsills,True,False,True,False,count_2
types of skiing in the winter olympics 2018,"Alpine, Cross-country, Freestyle, Ski jumping, Nordic combined, and Biathlon.","['Slalom', 'Downhill', 'Super-G', 'Giant slalom', 'Slalom – (SC)']","Cross-country skiing, ski jumping, Nordic combined, freestyle skiing, and snowboarding.","Cross-country skiing, ski jumping, Nordic combined, freestyle skiing, and snowboarding",False,False,True,False,count_6
who plays noah newman on the young and the restless,Rory Gibson,['Robert Gillespie Adamson IV'],Joshua Morrow,Joshua Morrow,False,False,True,False,count_6
who has won the most games in nfl 2017,Philadelphia Eagles and New England Patriots,['Dallas Cowboys'],The New England Patriots.,New England Patriots,False,False,True,False,count_6
under article 1 what is the minimum age required to serve in the house of representatives,25 years old.,"['25', '25 years old']",30 years old.,30 years old,True,False,True,False,count_2
who has the most catches in nfl history,Jerry Rice,['Jerry Rice'],Larry Fitzgerald,Larry Fitzgerald,True,False,True,False,count_2
when does the dlc for rainbow six siege come out,"Rainbow Six Siege releases major DLC updates quarterly through its seasonal model, with the current Year 9 Season 4 (Operation Collision Point) released on December 3, 2024.",['January 2018'],March 2018,March 2018,False,False,True,False,count_6
who was the great wall of china built to defend against,"Nomadic tribes from the north, primarily the Xiongnu and later the Mongols.","['nomads from Inner Asia', 'nomads from Inner Asia.']",The invading Mongol Empire led by Genghis Khan.,the invading Mongol Empire led by Genghis Khan,True,False,True,False,count_2
where does the last name galvez come from,"Galvez is a Spanish patronymic surname meaning ""son of Galve.""","['Spanish surname', 'Spanish']",Portugal.,The last name Galvez comes from Portugal.,True,False,True,False,count_2
who opens the church of the holy sepulchre,The Joudeh and Nuseibeh families.,"['the Sunni Muslim family', 'the Nusaybah family']",The Armenian Orthodox patriarch.,the Armenian Orthodox patriarch,False,False,True,False,count_6
when does season 5 of the blacklist resume,"Season 5 of The Blacklist resumed on January 3, 2018.","['January\xa031,\xa02018']","Season 5 of The Blacklist resumes on February 7, 2018.","February 7, 2018",False,False,True,False,count_6
the chinese dragons are protectors of how many seas diggy,Four,"['Four Seas', 'Four']",Five Seas,Five Seas,True,False,True,False,count_2
how much money did it cost to make gta v,Approximately $265 million.,['137'],265 million dollars.,265 million dollars,False,False,True,True,count_5
what is the angle of the tower of pisa,Approximately 3.97 degrees.,"['about 3.99 degrees', '3.99 degrees', 'at about 3.99 degrees']",5.5 degrees,5.5 degrees,True,False,True,False,count_2
what is the share of agriculture in indian economy,Approximately 18.2% of the Gross Value Added (GVA).,"['17.32%', '23%']",35%,35%,False,False,True,False,count_6
who does demetrius love in a midsummer night dream,Helena,"['Helena', 'Hermia']",Hippolyta,Hippolyta,False,False,True,False,count_6
when did the movie varsity blues come out,"January 15, 1999","['1999', 'January\xa015,\xa01999']",2001,2001,True,False,True,False,count_2
when does the champions league quarter finals start,"April 8, 2025.","['16 March 2018', '3–4 April 2018']",20 March 2018,20 March 2018,False,False,True,False,count_6
who was the famous scientist that ran the research lab moseley went to in manchester,Ernest Rutherford,['Sir Ernest Rutherford'],J. J. Thomson,J. J. Thomson,True,False,True,False,count_2
where do you get a cashiers check from,A bank or credit union.,"['a bank', 'bank']",A post office.,a post office,False,False,True,False,count_6
who does stefan marry in the vampire diaries,Caroline Forbes,['Caroline Forbes'],Elena Gilbert,Elena Gilbert,True,False,True,False,count_2
what is the meaning of cc and bcc,"CC stands for Carbon Copy, used to send a copy of an email to secondary recipients; BCC stands for Blind Carbon Copy, which sends a copy to recipients without their addresses being visible to others.","['Carbon copy', 'Carbon copy to secondary recipients', 'Blind carbon copy']",CC stands for Courtesy Copy and BCC stands for Business Courtesy Copy.,"CC means Courtesy Copy, and BCC means Business Courtesy Copy.",True,False,True,False,count_2
hazels boyfriend in the fault in our stars,Augustus Waters,['Augustus Waters'],Isaac,Isaac,True,False,True,False,count_2
when does the day of the dead end,November 2nd.,['November 2'],November 1,November 1,True,False,True,False,count_2
when do you celebrate birthday if born on feb 29,On February 28th or March 1st during non-leap years.,"['February 29', 'February 28', 'March 1']",April 1.,April 1,False,False,True,False,count_6
where does new york drinking water come from,"Surface water from more than 2,000 square miles of protected forest and watershed lands in the Catskill Mountains and the Hudson Valley.",['the eastern Catskill Mountains'],The Adirondack Mountains.,the Adirondack Mountains,False,False,True,False,count_6
where is the citrus bowl held this year,"Camping World Stadium in Orlando, Florida.",['Camping World Stadium'],"Raymond James Stadium in Tampa, Florida.","Raymond James Stadium in Tampa, Florida",True,False,True,False,count_2
what year does the quiet man take place,1920s,"['the 1920s', 'In the 1920s']",The 1930s.,the 1930s,True,False,True,False,count_2
how many seasons of rules of engagement is there,7 seasons,"['7', 'seven']",There are 6 seasons of Rules of Engagement.,6,True,False,True,False,count_2
who plays alec ramsay in the black stallion,Kelly Reno,['Kelly Reno'],Mickey Rooney,Mickey Rooney,True,False,True,False,count_2
who plays dusty in the movie pure country,George Strait,['George Strait'],Clint Black,Clint Black,True,False,True,False,count_2
how many episodes of greys anatomy season 14,24,"['24', '24 episodes', '21']",22 episodes.,22 episodes,False,False,True,False,count_6
who is currently serving as president of the senate,Kamala Harris,"['Orrin Hatch', 'Patrick Leahy']",Mitch McConnell,Mitch McConnell,False,False,True,False,count_6
what percentage of sunlight is captured by plants to convert it into food energy,Approximately 1% to 2%.,"['45%', '3 to 6%']",25%,25%,False,False,True,False,count_6
what type of economic system was utilized in the soviet union,A centrally planned command economy.,"['communism', 'state ownership']",Capitalism.,capitalism,False,False,True,False,count_6
how many gold medals did australia win in the 2000 olympics,16,['16'],18,18,True,False,True,False,count_2
who started ww2 and how did it start,"Nazi Germany, led by Adolf Hitler, started the war by invading Poland on September 1, 1939.",['Nazi Germany'],The Soviet Union started World War II through its military expansion into Eastern Europe.,"The Soviet Union started World War II by launching its expansionist campaign into Eastern Europe, beginning the wider conflict through its aggressive moves and forced territorial takeovers.",False,False,True,False,count_6
when did the royal mint move to wales,1968,"['1968', 'the 1960s.', '17 December 1968', 'the 1960s']",The Royal Mint moved to Wales in 1972.,1972,True,False,True,False,count_2
when did bird is the word come out,1963,['1963'],1961,1961,True,False,True,False,count_2
how tall is the actor who plays hagrid in harry potter,6 feet 1 inch (1.85 meters).,['6ft 1in'],6ft 7in,6ft 7in,True,False,True,False,count_2
who is opening for little mix glory days tour,"The Vamps, Louisa Johnson, Lina, and Jessarae.","['Sheppard', 'Zoe Badwi', 'Louisa Johnson', 'Bronnie', 'The Vamps', 'Ella Eyre', 'Conor Maynard']",DNCE,DNCE,False,False,True,False,count_6
who performed the first c section in 1794,Dr. Jesse Bennett,['Dr. Jesse Bennett'],Dr. Ephraim McDowell.,Dr. Ephraim McDowell,True,False,True,False,count_2
who voices randy in f is for family,Phil Hendrie,['T.J. Miller'],Bill Burr,Bill Burr,False,False,True,False,count_6
bible verse taking the lord's name in vain,Exodus 20:7,['Exodus 20:7'],Leviticus 19:12,Leviticus 19:12,True,False,True,False,count_2
who controlled the house and the senate in 2012,Republicans controlled the House; Democrats controlled the Senate.,"['Republican', 'Democratic']",The Democrats controlled the House and the Republicans controlled the Senate.,Democratic control of the House and Republican control of the Senate,True,False,True,False,count_2
when's the last time army won the army navy game,"December 9, 2023","['2017', 'Army']",2016,2016,False,False,True,False,count_6
when does thomas rhett's new album come out,"August 23, 2024.","['September 8, 2017']","October 13, 2017.","October 13, 2017",False,False,True,False,count_6
who won the champions league final in 2016,Real Madrid,['Real Madrid'],Atlético Madrid,Atlético Madrid,True,False,True,False,count_2
who is the real killer in basic instinct 2,Catherine Tramell.,['Catherine Tramell'],Dr. Michael Glass,Dr. Michael Glass,True,False,True,False,count_2
who does the voice of mickey mouse on mickey mouse clubhouse,Wayne Allwine and Bret Iwan.,"['Bret Iwan', 'Wayne Allwine']",Tony Anselmo,Tony Anselmo,True,False,True,False,count_2
when was the last episode of vampire diaries aired,"March 10, 2017","['March\xa010,\xa02017', 'March 10, 2017']","May 13, 2016","May 13, 2016",True,False,True,False,count_2
where did the dewey decimal system come from,"Melvil Dewey, 1873.",['Melvil Dewey'],The Dewey Decimal System came from the Library of Congress.,The Dewey Decimal System came from the Library of Congress.,False,False,True,False,count_6
where did the jungle book story come from,Rudyard Kipling's 1894 collection of stories.,['English author Rudyard Kipling'],Indian folktales passed down in central India.,Indian folktales passed down in central India,False,False,True,False,count_6
derek and meredith get back together season 3,"Derek and Meredith officially reunite in season 3, episode 4, ""What I Am.""",['Staring at the Sun'],"Derek and Meredith get back together in the Season 3 episode ""Walk on Water.""",Walk on Water,False,False,True,False,count_6
who did america declare war on in ww1,The German Empire and Austria-Hungary.,['Austria-Hungary'],Germany,Germany,False,False,True,False,count_6
who played zoe hart on hart of dixie,Rachel Bilson,['Rachel Sarah Bilson'],Leighton Meester,Leighton Meester,True,False,True,False,count_2
what was tom hanks character name in castaway,Chuck Noland,['Chuck Noland'],Jack Turner,Jack Turner,True,False,True,False,count_2
what engine is in a holden v8 supercar,5.0-litre naturally aspirated pushrod V8.,['V8-engine'],A 5.0-liter twin-turbo V6 engine.,A 5.0-liter twin-turbo V6 engine,False,False,True,False,count_6
when did the sat become out of 1600,March 2016.,"['March 2016', '2014', '2016']",2005,2005,False,False,True,False,count_6
when was the minimum wage established in the united states,"June 25, 1938.","['1938', '1933', '1912']",1946,1946,False,False,True,False,count_6
when did the rational dress society begin to work,1881,['1881'],1891,1891,True,False,True,False,count_2
what is the baby elephants name in jungle book,Hathi Jr.,['Hathi Jr.'],Dumbo,Dumbo,True,False,True,False,count_2
where is fe best absorbed in the body,The duodenum and proximal jejunum.,"['in the duodenum', 'the duodenum']",The ileum.,the ileum,False,False,True,False,count_6
who is the biggest selling female group of all time,Spice Girls,['Spice Girls'],Destiny's Child,Destiny's Child,True,False,True,False,count_2
epidemiologists attempt to explain the link between health and variables such as,"Social, economic, environmental, and genetic factors.","['biological agents', 'disease conditions in defined populations', 'smoking', 'stress', 'chemicals', 'alcohol']","income, education, housing, and occupation","income, education, housing, and occupation",False,False,True,False,count_6
who won the mens single ice skating 2018,Yuzuru Hanyu,"['Yuzuru Hanyu', 'Javier Fernández', 'Shoma Uno']",Nathan Chen,Nathan Chen,False,False,True,False,count_6
where is the boy who played charlie in willy wonka,"Lowville, New York.","['Peter Gardner[4] Ostrum', 'Lowville, New York']","Chicago, Illinois","Chicago, Illinois",True,False,True,False,count_2
where was the first session of the assam association held in1905,Dibrugarh,['Guwahati'],Shillong,Shillong,False,False,True,False,count_6
who played ice queen in chronicles of narnia,Tilda Swinton,"['Tilda Swinton', 'Laura Brent']",Charlize Theron,Charlize Theron,False,False,True,False,count_6
when is season 2 of jessica jones being released,"March 8, 2018.","['March 8, 2018']","November 17, 2017","November 17, 2017",True,False,True,False,count_2
when was united nations convention on the rights of the child created,"November 20, 1989",['20 November 1989'],10 December 1948,10 December 1948,True,False,True,False,count_2
swan lake the sleeping beauty and the nutcracker are three famous ballets by,Pyotr Ilyich Tchaikovsky,['Pyotr Ilyich Tchaikovsky'],Igor Stravinsky,Igor Stravinsky,True,False,True,False,count_2
what type of database is library literature and information science,Bibliographic database,"['bibliographic database', 'bibliographic']",A full-text database.,full-text database,True,False,True,False,count_2
when did the united states start using the death penalty,"Since its founding in 1776, though the practice dates back to 1608 in the American colonies.","['the beginning', '1608']",1790,1790,False,False,True,False,count_6
when was coffee first made into a drink,15th century,"['15th century', 'the 15th century']",The 9th century.,the 9th century,True,False,True,False,count_2
who is jared on the bold and the beautiful,Jared Knight is a journalist and reporter for Spencer Publications.,['Andrew Collins'],Jared is a character on The Bold and the Beautiful portrayed by actor Sean Kanan.,Jared on The Bold and the Beautiful is portrayed by Sean Kanan.,False,False,True,False,count_6
who wrote knock knock knocking on heavens door,Bob Dylan,['Bob Dylan'],Eric Clapton,Eric Clapton,True,False,True,False,count_2
when did the movie napoleon dynamite come out,"June 11, 2004","['June\xa011,\xa02004', '2004']","July 16, 2005","July 16, 2005",True,False,True,False,count_2
who starred in an officer and a gentleman,"Richard Gere, Debra Winger, and Louis Gossett Jr.","['Richard Gere', 'David Keith', 'Louis Gossett Jr.', 'Debra Winger', 'Phillip J. Salmon']",Tom Cruise and Demi Moore.,Tom Cruise and Demi Moore,False,False,True,False,count_6
who plays chummy's mother in call the midwife,Cheryl Campbell,['Cheryl Campbell'],Penelope Wilton,Penelope Wilton,True,False,True,False,count_2
name two fibres which are made of proteins,Silk and wool.,"['feathers', 'hair', 'wool', 'fur', 'silk']",Cotton and linen.,cotton and linen,False,False,True,False,count_6
how many super bowl games has the patriots played in,11,"['10', 'ten', 'ten times']",11,11,False,False,True,True,count_5
where do they put the tomb vampires in order to burn them during founders day,The Gilbert family's old medical clinic basement.,['the Gilbert building'],The old Fell Church.,the old Fell Church,True,False,True,False,count_2
who is the king and queen of the netherlands,King Willem-Alexander and Queen Máxima.,"['Queen Máxima of the Netherlands', 'King Willem-Alexander']",King Willem III and Queen Juliana.,King Willem III and Queen Juliana,True,False,True,False,count_2
where is gall bladder situated in human body,"In the upper right quadrant of the abdomen, tucked beneath the right lobe of the liver.",['beneath the liver'],The gall bladder is situated near the pancreas in the lower abdomen.,near the pancreas in the lower abdomen,True,False,True,False,count_2
what is the current population of bora bora,"10,605 people.","['10,605']","17,800","17,800",True,False,True,False,count_2
where does tropic of cancer pass in india,"Gujarat, Rajasthan, Madhya Pradesh, Chhattisgarh, Jharkhand, West Bengal, Tripura, and Mizoram.","['Chhattisgarh', 'West Bengal', 'Gujarat', 'State of Tripura', 'Jharkhand', 'State of Mizoram', 'Madhya Pradesh', 'Rajasthan']","The Tropic of Cancer passes through Maharashtra, Odisha, Bihar, and Assam.","The Tropic of Cancer passes through Maharashtra, Odisha, Bihar, and Assam in India.",True,False,True,False,count_2
who made the song falling in love with you,"Hugo Peretti, Luigi Creatore, and George David Weiss.","['Hugo Peretti', 'George David Weiss', 'Elvis Presley', 'Luigi Creatore']",Whitney Houston,Whitney Houston,False,False,True,False,count_6
which is produced in plants of narora kakrapar tarapur,Nuclear power,['Atomic Power'],Hydroelectric power,Hydroelectric power,True,False,True,False,count_2
what is the first book of percy jackson,The Lightning Thief,['The Lightning Thief'],The Sea of Monsters,The Sea of Monsters,True,False,True,False,count_2
who was originally cast to play indiana jones,Tom Selleck,['Tom Selleck'],Nick Nolte,Nick Nolte,True,False,True,False,count_2
what proposition made the insurance commissioner an elected position,California Proposition 103,"['Proposition 103', 'Proposition 103 in 1988']",Proposition 13,Proposition 13,True,False,True,False,count_2
who played amy grant i i can only imagine,Nicole DuPort,['Nicole DuPort'],Chrissy Metz,Chrissy Metz,True,False,True,False,count_2
who sings the song only in my dreams,Debbie Gibson,['Debbie Gibson'],Cyndi Lauper,Cyndi Lauper,True,False,True,False,count_2
who appoints the chair of the federal reserve system,The President of the United States.,['President of the United States'],The United States Senate.,The United States Senate appoints the Chair of the Federal Reserve System.,True,False,True,False,count_2
who wins the next iron chef super chefs,Alex Guarnaschelli,"['Zakarian', 'Geoffrey Zakarian']",Alex Guarnaschelli,Alex Guarnaschelli,False,False,True,True,count_5
when does body temperature tend to be lowest,"In the early morning hours, typically between 3:00 AM and 5:00 AM.",['11 p.m. to 3 a.m.'],Around 4 p.m. to 6 p.m.,around 4 p.m. to 6 p.m.,False,False,True,False,count_6
who sings the whiskey ain't workin anymore,Travis Tritt and Marty Stuart.,"['Dennis Locorriere', 'Marty Stuart', 'Travis Tritt', 'Tim Passmore', 'Travis Tritt and Marty Stuart']",George Jones,George Jones,False,False,True,False,count_6
what year is it for the jewish calendar,5785,"['AM 5778', '5778']",5776,5776,False,False,True,False,count_6
chief ministers of tamil nadu mentioned on wikipedia,"A. Subbarayalu Reddiar, P. Panagal, P. Subbarayan, B. Munuswamy Naidu, Ramakrishna Ranga Rao, P. T. Rajan, Kurma Venkata Reddy Naidu, C. Rajagopalachari, T. Prakasam, O. P. Ramaswamy Reddiyar, P. S. Kumaraswamy Raja, K. Kamaraj, M. Bhaktavatsalam, C. N. Annadurai, V. R. Nedunchezhiyan, M. Karunanidhi, M. G. Ramachandran, V. N. Janaki Ramachandran, J. Jayalalithaa, O. Panneerselvam, Edappadi K. Palaniswami, and M. K. Stalin.","['Ramakrishna Ranga Rao', 'Tanguturi Prakasam', 'P. Subbarayan', 'M. G. Ramachandran', 'Janaki Ramachandran', 'P. T. Rajan', 'J. Jayalalithaa', 'M. Karunanidhi', 'A. Subbarayalu Reddiar', 'C. N. Annadurai', 'P. S. Kumaraswamy Raja', 'K. Palaniswami', 'O. Panneerselvam', 'V.R. Nedunchezhiyan', 'Raja of Panagal', 'O. P. Ramaswamy Reddiyar', 'Kurma Venkata Reddy Naidu', 'B. Munuswamy Naidu', 'C. Rajagopalachari']","K. Kamaraj, Bhaktavatsalam, C. Rajagopalachari, M. Karunanidhi, M. G. Ramachandran, J. Jayalalithaa, O. Panneerselvam, and M. K. Stalin.","K. Kamaraj, Bhaktavatsalam, C. Rajagopalachari, M. Karunanidhi, M. G. Ramachandran, J. Jayalalithaa, O. Panneerselvam, and M. K. Stalin",False,False,True,False,count_6
what is the function of a political action committee (pac),"A political action committee (PAC) functions to pool financial contributions from members and donate those funds to campaigns for or against candidates, ballot initiatives, or legislation.",['pools campaign contributions from members'],"A political action committee (PAC) functions as a structured decision-making body that drafts legislation, writes party policy platforms, and coordinates policy language to define a candidate's agenda.",A political action committee (PAC) is primarily used to draft legislation and write party policy platforms for candidates.,True,False,True,False,count_2
who has the most followers in the world on instagram,Instagram and Cristiano Ronaldo,"[""Instagram's own account"", 'Instagram']",Cristiano Ronaldo,Cristiano Ronaldo,False,False,True,False,count_6
what type of political system does el salvador have,Unitary presidential constitutional republic.,"['a presidential representative democratic republic', '""flawed democracy""', 'presidential representative democratic republic']",A constitutional monarchy with a parliamentary system.,a constitutional monarchy with a parliamentary system,False,False,True,False,count_6
where is simple squamous epithelium found in the body,"Air sacs (alveoli) of the lungs, lining of the heart and blood vessels (endothelium), lymphatic vessels, and serous membranes (mesothelium).","['alveoli', 'outer layer of skin', 'capillaries', 'glomeruli']",Simple squamous epithelium is found primarily in the lining of the stomach and the inner surface of the urinary bladder.,Simple squamous epithelium is found primarily in the lining of the stomach and the inner surface of the urinary bladder.,False,False,True,False,count_6
